ons_code,id_british,id_welsh,id_english,id_other_uk,id_non_uk
E14001063,0.532393766499191,0.005841778080558631,0.3006471940730648,0.012228561696329729,0.14888869965085583
E14001064,0.5535376627816295,0.003044644097129488,0.4043928338692619,0.0042304528507483416,0.03479440640123068
E14001065,0.6228250961119258,0.0057468986564147275,0.2648329436011256,0.012910705085014466,0.0936843565455194
E14001066,0.5335023582294458,0.0025464449414317664,0.42983990611368217,0.006598613848231881,0.027512676867208433
E14001067,0.5927019768052111,0.0055259989503689145,0.33902055013017485,0.011309260421704725,0.051442213692540414
E14001068,0.5313568865174334,0.0022942779865079616,0.41425399130700175,0.0058198886538481775,0.046274955535208745
E14001069,0.5599722887956861,0.0028928250449370882,0.3251011084481726,0.007395895745955662,0.10463788196524865
E14001070,0.5716856089003508,0.0017092991873331933,0.32216791115642585,0.006117491828350376,0.09831968892753971
E14001071,0.5787420636733203,0.004010414287671859,0.2899191522404421,0.009692595806878911,0.11763577399168684
E14001072,0.5484010541635527,0.006765527278448649,0.30953270660425597,0.01212484757896393,0.12317586437477875
E14001073,0.5721331689272503,6.127863094570863e-4,0.14594776370362067,0.0023390501812203413,0.2789672308784516
E14001074,0.5596237212551557,0.0018469429744394576,0.3803075686383341,0.00546427170157995,0.052757495430490825
E14001075,0.5547227387593573,0.0018404615457969771,0.379869355838459,0.005035045057931627,0.058532398798455156
E14001076,0.5895201437002823,0.0028226841159866563,0.364331537079805,0.015283551449833205,0.028042083654092893
E14001077,0.5381214038593181,0.002340382231596085,0.37473867273500955,0.0055133115020998685,0.07928622967197646
E14001078,0.5390907603657318,0.005571410393906895,0.32067874865940776,0.010215767182302365,0.12444331339865122
E14001079,0.5586265138864897,0.002879023435250763,0.3746761098635343,0.00813803957697549,0.05568031323774975
E14001080,0.5485215998750098,0.018318881337395516,0.27064291852199046,0.01566283884071557,0.14685376142488868
E14001081,0.5295910965004913,0.006271751407241439,0.14899771351961874,0.017465404358086703,0.29767403421456184
E14001082,0.5980305778699145,0.0064783622700181395,0.29109095620627107,0.011857994299041202,0.09254210935475511
E14001083,0.5910405972935138,0.004731684554363042,0.23025664955669622,0.011376574895007,0.16259449370041998
E14001084,0.5526313396324218,0.0029737275265316514,0.2332875603612124,0.008029973718432564,0.20307739876140157
E14001085,0.5005225830533782,0.0048712206047032474,0.14258118701007838,0.013241881298992161,0.3387831280328481
E14001086,0.6023367361428864,0.0028479464806954987,0.08512283248394578,0.009372189526499314,0.30032029536597293
E14001087,0.5797776660521758,0.0029383833305401934,0.38146472264119324,0.009653092006033183,0.026166135970057538
E14001088,0.5729067301109901,0.003983974323004927,0.3691853614194171,0.008540294252976758,0.04538363989361105
E14001089,0.5553246911202782,0.0021994060590089497,0.3227653730375115,0.0054427698326627,0.1142677599505387
E14001090,0.5541617240015817,0.0075523922499011464,0.30276789244760777,0.013275998418347174,0.12224199288256228
E14001091,0.6206726576422856,0.0062279604140598336,0.31470632844196716,0.008029044856482008,0.05036400864520532
E14001092,0.5929556404718391,0.005418028096213842,0.2091340385076886,0.007854756234885825,0.18463753668937255
E14001093,0.5824501733458208,0.002094937644797161,0.27055914296511724,0.005980841589852287,0.1389149044544125
E14001094,0.7210281768191312,0.002821944669423249,0.10836779061341063,0.004851016667377126,0.16293107123065775
E14001095,0.6476879676192813,0.0015454433950692996,0.2272783024653502,0.0038595200130831188,0.11962876650721616
E14001096,0.6230352357058665,0.003792892277908378,0.08816499081408902,0.005011095526889367,0.27999578567524674
E14001097,0.5697016365458122,0.003710988236167291,0.3307696589601811,0.007997179648940513,0.08782053660889895
E14001098,0.6963917906467204,0.001214498485979928,0.100688489344417,0.002387966617703777,0.19931725490517885
E14001099,0.5882805048568862,0.008176607309868415,0.2698002611328722,0.00967673232028595,0.12406589438008724
E14001100,0.6534229559609912,0.002043818769656339,0.18978442997718323,0.004105256666637302,0.15064353862553187
E14001101,0.592371457983421,0.0018962995069621283,0.37532643441512703,0.00992577341929891,0.020480034675190984
E14001102,0.6692109242949915,0.0010586246775197937,0.20417222667022508,0.007330308691397562,0.11822791566586603
E14001103,0.5557190973695855,0.002004641376881609,0.24272414509269208,0.007386471379680883,0.19216564478116
E14001104,0.5773829572246547,0.003757578309195015,0.3766419669922533,0.015609211855843718,0.026608285618053215
E14001105,0.5673934498135829,0.0044045617369690765,0.33872176328679,0.024243365743109875,0.06523685941954821
E14001106,0.6190783148326195,0.0012673717332401014,0.34060615330827726,0.01037933747050083,0.028668822655362292
E14001107,0.6255736994504304,0.0014477908877814328,0.3422006421494278,0.011867945712766167,0.018909921799594224
E14001108,0.5297826432154232,0.003895048524645289,0.3666669780214648,0.008322513754098208,0.09133281648436843
E14001109,0.5403039016013738,0.0024060540713230303,0.4105566870332654,0.006000159738029631,0.04073319755600815
E14001110,0.5858548617877615,0.002255988904396984,0.30699883250379656,0.0061359386932820685,0.09875437811076292
E14001111,0.5835741518735278,0.0018941693581679983,0.2575098958206853,0.005204918364538559,0.15181686458308039
E14001112,0.5903734608731047,0.0025033072148163225,0.337061158033988,0.007214816322377124,0.06284725755571385
E14001113,0.6279221163520151,0.0026829220177151765,0.3095618551616658,0.006273302953186956,0.05355980351541694
E14001114,0.4580554097203694,0.0024098666827324445,0.38402946922686315,0.007040253380268356,0.14846500098976667
E14001115,0.5298677738502684,0.0062559613981933455,0.292225401634592,0.010931567824346818,0.16071929529259946
E14001116,0.5285531752175413,0.006556551421829679,0.308596263791608,0.009438449557456095,0.1468555600115649
E14001117,0.5474704998084085,0.005659320685013608,0.3183662641605832,0.010493323770129398,0.11801059157586535
E14001118,0.6752218636546995,8.572004840661557e-4,0.1804659136748689,0.0041263278203576715,0.1393286943660078
E14001119,0.6249199172630924,0.0011440390986802364,0.2802621222382896,0.005592063114348996,0.08808185828558877
E14001120,0.7047743041249855,6.756868109230541e-4,0.1145124342853376,0.0028593088218329243,0.17717826595692085
E14001121,0.5531569597157536,0.003044125414125894,0.383876698516349,0.007960820089307149,0.051961396264464395
E14001122,0.5848084514790832,0.0016727505222698853,0.07192827245760507,0.0054643183727482916,0.33612620716829356
E14001123,0.5440073015089286,0.0010099423210718854,0.05126766463930097,0.0028353195532314413,0.40087977197746705
E14001124,0.5506727363122242,0.0029286557703063825,0.12165185507426511,0.007053632465353303,0.31769312037785097
E14001125,0.5577875619152449,0.0032104201064024947,0.36637518090462506,0.0073788703397949405,0.06524796673393261
E14001126,0.5223680496754163,0.009908874642151526,0.3831397927502923,0.008356517882343454,0.07622676504979638
E14001127,0.5635590017170812,0.0027214116783118606,0.4002311040076027,0.009665331159083792,0.023823151437920496
E14001128,0.5715149649242408,0.003034767884238999,0.38862621775559125,0.00862050007696875,0.028203549358960262
E14001129,0.5712218750655287,0.004875338128289543,0.27964520119943803,0.01245570257292038,0.13180188303382331
E14001130,0.5675846203127578,0.006387171298498335,0.22808413981886835,0.01507488909812753,0.18286917947174794
E14001131,0.5234184784930161,0.028394771688522488,0.20611037546452524,0.021058476784417583,0.2210178975695186
E14001132,0.5605044612840502,0.012929546239255666,0.25705537080448493,0.01048538043577023,0.15902524123643896
E14001133,0.5702278481012658,0.013367088607594937,0.28056708860759494,0.008678481012658229,0.12715949367088608
E14001134,0.5641415436462874,0.017876112678120077,0.266209384959156,0.014038975786658851,0.13773398292977765
E14001135,0.5559195358130956,0.012450046111281894,0.3104730249000922,0.009644943129418998,0.11151245004611128
E14001136,0.5660601774463161,0.003546783249753547,0.3905104796193905,0.00824010972525824,0.03164244995928164
E14001137,0.5746794181862911,0.003884908310013633,0.2818352347858175,0.009994157261908422,0.12960628145596934
E14001138,0.5808757549176774,0.0072996380428097555,0.3713942913604146,0.007521450248530494,0.03290886543056774
E14001139,0.5497998044172187,0.0020849862538516893,0.3278779268225179,0.005470782515637397,0.1147664999907744
E14001140,0.5412757676076448,0.00492876558748559,0.3605931441505283,0.01052386643679863,0.08267845621754259
E14001141,0.5676026204180551,0.004600878521660103,0.29958724628900335,0.011132990003029385,0.11707626476825204
E14001142,0.5829963579272133,0.0017525763785564978,0.3160296842624118,0.008808521902640731,0.09041285952917766
E14001143,0.5346615599257094,0.003883374359065502,0.33990633692049305,0.007171357226008833,0.11437737156872328
E14001144,0.5837105826927365,0.003121395127909344,0.32266695101736154,0.009024903304607451,0.0814761678573852
E14001145,0.6076866140109246,0.002923236922730978,0.28647721842763585,0.009612952188211486,0.09329997845049705
E14001146,0.5278931926038242,0.004135242108579643,0.37921154717129746,0.010554713191422326,0.07820530492487643
E14001147,0.6021888598342201,0.003311559158783204,0.3453209082556766,0.009964966127192141,0.03921370662412794
E14001148,0.5153034966446339,0.007195115797971643,0.22734749482819516,0.21026287905545185,0.039891013673747415
E14001149,0.43564492082040535,0.0058266510859491475,0.1951243099488254,0.01677076197767659,0.34663335616714347
E14001150,0.5461491016891825,0.004367203199299656,0.417769244543483,0.007252143809315373,0.024462306758719483
E14001151,0.5512445231658432,0.003971287405612007,0.3029831266896616,0.011149436002610235,0.13065162673627295
E14001152,0.5718905545327918,0.0025715204114432656,0.3401225368438483,0.0311894255963687,0.054225962615547955
E14001153,0.5801908353331048,0.0028853845274825736,0.26212242410391196,0.006570677636841504,0.1482306783986592
E14001154,0.5250895665851101,0.0019114819993009437,0.442174938832576,0.004674938832576022,0.02614907375043691
E14001155,0.5735707691977415,0.006601404005925162,0.3613061119340504,0.010379768575170133,0.04814194628711277
E14001156,0.5362926777465088,0.0031858970955238146,0.39754685923644667,0.008665640099824776,0.05430892582169596
E14001157,0.5658790964828583,0.0019272009295910365,0.34238991809396047,0.005413167316939529,0.08439061717665064
E14001158,0.6184291833806387,0.005121545051791494,0.30159511515621235,0.012651996774159763,0.06220215963719771
E14001159,0.5515301886968444,0.00314339281217062,0.33041069313210647,0.008739937878349766,0.1061757874805287
E14001160,0.49384616671826237,0.00452647696182197,0.14264677582643764,0.014483052903722421,0.3444975275897556
E14001161,0.561469519741307,0.01571919038684179,0.29498183560221963,0.016008623098726495,0.11182083117090502
E14001162,0.595982232990107,0.006319402382394508,0.28673531193216234,0.014284272158287906,0.09667878053704826
E14001163,0.5686959290908126,0.030868849848734142,0.2994427047396635,0.016357942784353274,0.0846345735364365
E14001164,0.5970373528001279,0.02563009538018863,0.31839931795172377,0.01353439548143017,0.04539883838652955
E14001165,0.5631535483317425,0.002563250072393046,0.3899035831876535,0.007292929076264733,0.03708668933194625
E14001166,0.5614575831773009,0.004858610591002928,0.35125066013730855,0.00987085313745259,0.07256229295693505
E14001167,0.6050087833881357,0.0026485293455249764,0.21702626007837486,0.006810504031349939,0.16850592315661456
E14001168,0.5727660704075799,0.014875847423017235,0.3382953524462958,0.014702278853222249,0.05936045086988483
E14001169,0.6170062001771479,0.003303808680248007,0.17014171833480957,0.007342781222320638,0.20220549158547388
E14001170,0.5813962705348473,0.0033588966173235834,0.3679626657154747,0.010849533321443434,0.03643263381091096
E14001171,0.5621792251442067,0.0067220783939682975,0.38202298224099557,0.01016260162601626,0.0389131125948131
E14001172,0.45803085488535683,0.003908952250773039,0.10870054425284004,0.011251781532075912,0.41810786707895414
E14001173,0.5690944666818963,0.0037643646765526764,0.32968484619739574,0.01580238575302192,0.08165393669113338
E14001174,0.5125625070018026,0.0026581388953956144,0.4474635651651407,0.007404088034301194,0.029911700903359848
E14001175,0.5746942507715167,0.00696270049910466,0.13360574541852402,0.018297329218577362,0.2664399740922772
E14001176,0.5479903783074568,0.003175158539252132,0.3065471244259786,0.010540126831401707,0.1317472118959108
E14001177,0.6081073819733265,0.003009102535168886,0.34055517941773866,0.00908104157934896,0.03924729449441704
E14001178,0.5878249065337369,0.007677585899946591,0.36154753427096314,0.01197258322948193,0.03097739006587146
E14001179,0.5279910113130516,0.004219879750581091,0.29956857733444264,0.03542297432906485,0.13279755727285983
E14001180,0.5383997565140934,0.002984393229739098,0.2336196547234575,0.008902453458683485,0.21609374207402648
E14001181,0.5375890094322037,0.004520374305633225,0.28771949446370654,0.010187152816612609,0.15998396898184394
E14001182,0.517469436836128,0.005670051439641927,0.22778742734985638,0.009695036408577728,0.23937804796579598
E14001183,0.6255955093417291,0.0016777828410456108,0.33417912920999215,0.0137640333070964,0.024783545300136708
E14001184,0.5522389319290428,0.002633044711124614,0.2611946596452141,0.007240872955592688,0.17669249075902577
E14001185,0.5317431326709526,0.008657218001168906,0.33257232612507304,0.008520236703682058,0.11850708649912332
E14001186,0.6129176149294493,0.0025034137460172965,0.2130541647701411,0.0062903959945380065,0.16523441055985436
E14001187,0.6134820562560621,0.0036223994932599616,0.22597438587462143,0.00946178665452602,0.1474593717215305
E14001188,0.6043067981453667,0.0018121857245477699,0.10621693985502514,0.004938614249330634,0.2827254620257298
E14001189,0.5495851475264054,0.001073834512034497,0.2442889621557228,0.0030453275614728314,0.20200672824436447
E14001190,0.5790095429845196,0.0021058254322078294,0.3463415135235082,0.014792139621362315,0.05775097843840204
E14001191,0.5520479226769078,0.0018926517337057385,0.31160765145807684,0.004704066444938535,0.12974770768637106
E14001192,0.5474326491492774,0.006082690428065781,0.36552129890587487,0.012260274622560043,0.06870308689422192
E14001193,0.5489276788654901,0.0039424995640971,0.326481585524149,0.00918302109770037,0.11146521494856346
E14001194,0.5484107765130741,0.0021431524591408826,0.24683378755790308,0.007264780580001181,0.1953475028898808
E14001195,0.5720698533527371,0.004847195790887719,0.37828277174521435,0.009145863651628791,0.03565431545953207
E14001196,0.6938561159397946,0.0010695908574071577,0.21281003680934302,0.003623118580045867,0.08864113781340939
E14001197,0.5673856350678328,0.009329956598284644,0.31139083197604905,0.013820763154673923,0.09807281320315957
E14001198,0.5383538434100232,0.002603887997146424,0.30881041555198857,0.00826645264847512,0.1419654003923667
E14001199,0.5771747600798488,0.002690094687062993,0.3728343136522305,0.009361956510135893,0.03793887507072174
E14001200,0.5694891069452918,0.002067974315758998,0.37797400556285093,0.008799230713554538,0.041669682462543815
E14001201,0.5807022406037479,0.005201782249984011,0.32128466966550834,0.01058477412752894,0.08222653335323087
E14001202,0.577439509478627,0.00422997070066166,0.34716805401944234,0.009604749985447348,0.061557715815821645
E14001203,0.5446246470034515,0.010207483526827738,0.3620862096015061,0.008864135550674616,0.07421752431754
E14001204,0.5362706358873803,0.002376778870435842,0.3902373807896848,0.0033869098903710746,0.067728294562128
E14001205,0.6150944453262869,0.005387538632480229,0.13179394765590716,0.014640659576653376,0.23308340880867234
E14001206,0.5356084460085201,0.004167438414521208,0.3366641970735321,0.009168364511946657,0.1143915539914799
E14001207,0.5216386633943741,0.005006607513686993,0.11481215782518407,0.011100622994147631,0.34744194827260716
E14001208,0.5852797520273021,0.0024030182535458217,0.10952910235135728,0.005056513979773944,0.2977316133880209
E14001209,0.5773326287809643,0.002706121599333878,0.07363372884341324,0.006060751629277354,0.34026676914701126
E14001210,0.5695177554533931,0.006517585182662656,0.2574115065175852,0.009185159959891784,0.15736799288646727
E14001211,0.6047694685326693,9.551815918262213e-4,0.37002017686958016,0.006493088348931055,0.017762084656993218
E14001212,0.5853589657769225,0.004445234708392603,0.3288009371600703,0.010856832064262405,0.07053803029035227
E14001213,0.5944594955546229,0.0010226275422597017,0.05413820734918152,0.002068149730987904,0.34831151982294806
E14001214,0.5884256405740953,0.006482785946993044,0.3377872677643744,0.011930967685128115,0.05537333802940918
E14001215,0.5898433954843849,0.004981495860518116,0.3239787429285952,0.010668871701271593,0.07052749402523016
E14001216,0.5610141424139178,0.003940080324342844,0.3459657003635533,0.008317947351390449,0.0807621295467956
E14001217,0.5818695819783131,0.012721539632488855,0.32298081390176636,0.016754475273557584,0.06567358921387409
E14001218,0.586495222034851,0.0037942664418212477,0.3323897855938328,0.00906408094435076,0.06825664498514414
E14001219,0.5474598273115276,0.004061522726825718,0.329986428810259,0.010532423342446355,0.10795979780894126
E14001220,0.590450435042863,0.005173482694486606,0.33055775274173205,0.008797058383393548,0.06502127113752486
E14001221,0.6250630875023658,0.0012065484827455681,0.1087155384518327,0.00410857359157151,0.2609062519714844
E14001222,0.592899333655645,0.013431988733104912,0.3404662308452273,0.009196392911945852,0.04400605385407689
E14001223,0.5619090744430357,0.003015758014852382,0.2541477993117189,0.008395218257562035,0.172532149972831
E14001224,0.5503038807611715,0.0048734699295527595,0.327480112639733,0.012079378774805867,0.10526315789473684
E14001225,0.6191952894995093,0.0016329735034347399,0.16558979391560352,0.004686947988223749,0.20889499509322865
E14001226,0.5705960316532179,0.002485089463220676,0.3211710131368651,0.0059739601606049976,0.0997739055860913
E14001227,0.580485453095737,0.005117840123124849,0.2768269391236626,0.010754881418160915,0.12681488623931467
E14001228,0.548963981002816,0.0034568990879670493,0.3979111503383348,0.008941705543647292,0.0407262640272349
E14001229,0.5596988938200624,0.0017559587757188689,0.17239514258829805,0.005245649000881684,0.260904355815039
E14001230,0.5915167294913146,0.006557727431702483,0.2572960789647534,0.012892006373139548,0.13173745773908987
E14001231,0.5218789332913782,0.012527533039647577,0.3074948867212083,0.01441551290119572,0.14368313404657018
E14001232,0.5728838321675522,0.008085417229543795,0.34904385938578847,0.01272852811383627,0.0572583631032792
E14001233,0.5818253582705853,0.0057890049388713465,0.36347259331228243,0.01056594607724071,0.03834709740102016
E14001234,0.5953790109286891,0.005818653625430411,0.30511502569988525,0.012365886521283497,0.08132142322471181
E14001235,0.5672743055555556,0.003593346253229974,0.3614946705426357,0.00715641149870801,0.0604812661498708
E14001236,0.5462513048898635,0.0010589322058083559,0.1330424398999647,0.0035823451217772036,0.3160649778825862
E14001237,0.5488862596771038,0.01856699676731165,0.2977147595047559,0.010117289758806047,0.12471469429202262
E14001238,0.5811648668791526,0.0029415029415029415,0.12474033902605332,0.007635221920936207,0.28351806923235495
E14001239,0.5512664154888168,0.0038003353877648803,0.35651283838229847,0.009952740814948713,0.07846766992617113
E14001240,0.5550398095258898,0.033857209947466715,0.36206463450595777,0.010594030209368617,0.03844431581131705
E14001241,0.5788034336440687,0.00852984904554679,0.3480851248548515,0.010027456129879432,0.05455413632565358
E14001242,0.5887680594937629,0.004486959773159256,0.3516446992594439,0.018176341673677543,0.036923939799956375
E14001243,0.5630556781638186,0.00422473043697585,0.3919540954662967,0.011350022069487358,0.0294154738634214
E14001244,0.5896509491733006,0.0014288630332720963,0.32182077975096957,0.011604409063074098,0.07549499897938355
E14001245,0.5733223850179558,0.0028887723706730248,0.35826713229983875,0.008349739317972714,0.05717197099355962
E14001246,0.5640827656309559,0.0028930829904313233,0.3412762796516572,0.00665604566379639,0.08509182606315913
E14001247,0.5641834215934669,0.009471200374063482,0.3657557930906995,0.01140676141491687,0.049182823526853194
E14001248,0.5495425847184641,0.012747498174633854,0.3222007473263755,0.009345874672507838,0.10616329510801872
E14001249,0.5896766169154228,0.006498756218905472,0.30946310116086234,0.0136712271973466,0.08069029850746269
E14001250,0.58022900468067,0.002833546091060307,0.35353564659007386,0.008926153727128544,0.05447564891106727
E14001251,0.5638941664907466,0.0023925128421645203,0.2199440574203082,0.007802054746323271,0.20596720850045738
E14001252,0.5747153897291009,0.0073022270234336046,0.3624522187136447,0.016609190626558086,0.038920973907262756
E14001253,0.5428851775797364,0.004299139160605724,0.3727201917921847,0.011491346085760239,0.06860414538171299
E14001254,0.5540879326473339,0.00205799812909261,0.30822263797942,0.005088868101028999,0.1305425631431244
E14001255,0.5444881926409949,0.0018988578928262267,0.3913695047145663,0.007120717098098349,0.05512272765351428
E14001256,0.4994185580238993,0.002245569011147646,0.410748656668538,0.007227925254631486,0.08035929104178362
E14001257,0.5334309626993384,0.004802002537228291,0.1478914611199564,0.012728712399213289,0.30114686124426354
E14001258,0.554130298026264,0.00624164504206967,0.2640068412361406,0.012502948808681292,0.1631182668868444
E14001259,0.6426071026172516,0.003973612460973449,0.10293548470331221,0.01309915969277611,0.23738464052568656
E14001260,0.5740660121718271,0.004335658122695571,0.10661454400071077,0.01400204344542668,0.3009817422593399
E14001261,0.5579551811858091,0.003451660913898477,0.38986879466312,0.004222215185196914,0.04450214805197547
E14001262,0.6214864663890541,0.001933372992266508,0.2959176085663296,0.0073430993456276026,0.07331945270672219
E14001263,0.6025671081936467,0.006241941155784785,0.33227835736334155,0.011594967373891298,0.04731762591333568
E14001264,0.5282751025956484,0.004817908855488545,0.1283800641814287,0.014290261801725844,0.32423666256570854
E14001265,0.5291792506908736,0.004337745228052464,0.12176487196379224,0.013261351288917788,0.3314567808283639
E14001266,0.5932116478813517,0.0044670591367630096,0.3176542515950261,0.009348282696802058,0.0753187586900571
E14001267,0.5297336213102952,0.0023488120950323974,0.34230561555075595,0.006137508999280058,0.11947444204463643
E14001268,0.5922134163005318,0.006537871302739179,0.3034118858920726,0.015430217158233303,0.08240660934642309
E14001269,0.5980609199264691,0.004081753671601668,0.30521238955545454,0.01786879089166057,0.07477614595481409
E14001270,0.616604398762531,0.0012678985004987067,0.0817710006254966,0.0033134414146366205,0.297043260696837
E14001271,0.5734586614821894,0.0018782746235212707,0.09340297228721126,0.0043991168814050815,0.32686097472567305
E14001272,0.573577508717971,0.0013212328618770171,0.3927418830817215,0.0062379518724685395,0.02612142346596201
E14001273,0.5558194532221565,0.0032721045442498623,0.37808607367841635,0.008909094615808036,0.053913273939369226
E14001274,0.5762137821154966,0.0035776639285612067,0.328191037713348,0.008843985231403303,0.08317353101119093
E14001275,0.5827166991210989,0.00449450028945845,0.36733856112836166,0.009041629387926952,0.036408610073154046
E14001276,0.577128164556962,0.001194620253164557,0.12174050632911393,0.0029193037974683546,0.29701740506329116
E14001277,0.5790682901005824,0.004393859184753838,0.36726310217046054,0.009602964531498148,0.03967178401270514
E14001278,0.5612705235439901,0.003068850681536555,0.3144845879801735,0.0078125,0.11336353779429988
E14001279,0.5797673992114192,0.0013601491579301281,0.10797139101995905,0.004240914509276523,0.3066601461014152
E14001280,0.576127928098193,0.009103222351718272,0.31781480664839723,0.013975073760250312,0.08297896914144119
E14001281,0.5391990215791547,0.03443129288364669,0.32671379117348315,0.01231317758752928,0.08734271677618623
E14001282,0.5691473244045815,0.003474536896753732,0.3765630365836414,0.008413631497080985,0.04240147061794235
E14001283,0.5535373029838603,0.0042099487237706006,0.3306370740383342,0.01039715426387391,0.10121851999016102
E14001284,0.5927786380632247,0.003229217811685614,0.25771424255013786,0.0073365562563734565,0.13894134531857838
E14001285,0.6322551915891911,0.0027695716395864105,0.3144169780172039,0.01801850725519159,0.032539751498827006
E14001286,0.5874912648497554,0.00215633423180593,0.3180393331336728,0.007197763801537386,0.08511530398322852
E14001287,0.5826047749441897,0.004321863349938966,0.36258563997668614,0.009765431691465145,0.04072229003772008
E14001288,0.5387909601079753,0.004911661135973858,0.4026141403070803,0.009417399864015994,0.04426583858495448
E14001289,0.5925280602941773,0.0053385469427448436,0.319522671096884,0.012419465942704324,0.07019125572348961
E14001290,0.5456431926653964,0.0047916391556150845,0.121300156577185,0.012479012997792827,0.31578599860401063
E14001291,0.5469401112686811,0.007941529398930948,0.38777135376895383,0.010352350823606414,0.04699465473982764
E14001292,0.5450647369595952,0.002278815388049706,0.347337971575266,0.004938983555324057,0.10037949252176501
E14001293,0.5677720337914512,0.006120093498734275,0.1350009214086884,0.01669204581825941,0.2744149054828666
E14001294,0.5769334437149843,0.0048516586126566685,0.32651469937043953,0.011580447045686452,0.08011975125623304
E14001295,0.6135144014894316,0.001144950767117014,0.3628697444270766,0.005226949154229847,0.017243954162144942
E14001296,0.5915456891287647,0.0054956960230070715,0.2349459294423543,0.013404376858983198,0.1546083085468907
E14001297,0.6231145463308402,0.0016243908534299637,0.24217704075257493,0.007363310187251209,0.12572071187590367
E14001298,0.5459688171246574,0.005249611139915562,0.3280775498111251,0.013369380045922525,0.10733464187837938
E14001299,0.5916554995426797,0.002190883372684151,0.3439793248675898,0.010252483355667582,0.05192180886137877
E14001300,0.6398028105357427,7.783794641736205e-4,0.10819474552013325,0.002728512960436562,0.24849555151951389
E14001301,0.6301494616167569,6.734573617307854e-4,0.0716390268541123,0.0018902723675852727,0.2956477817998148
E14001302,0.5036838346715901,0.002386219148973229,0.3307264905160852,0.006984480866702663,0.15621897479664884
E14001303,0.5503834774365898,0.005759342774250998,0.39423491224542556,0.008890357050527101,0.04073191049320656
E14001304,0.558567334434515,0.005703556252029421,0.3817429729081078,0.009402397187751472,0.04458373921759632
E14001305,0.563089558218305,0.005472192883417708,0.13027643223950178,0.017181410933459592,0.28398040572531597
E14001306,0.515609369071027,0.00446721170099003,0.14676256511090413,0.0148504605195074,0.3183103935975715
E14001307,0.6114124353987959,0.001289360115083382,0.347711652192445,0.007970589802333635,0.0316159624913421
E14001308,0.6285156525151695,0.0024049830443664028,0.3008845105004176,0.0096903710114010291,0.05850448292864546
E14001309,0.5607037622240253,0.009490968100098219,0.3468954178588205,0.013569201861895204,0.06934064995516077
E14001310,0.48312221996432525,0.003040634619581988,0.10213973371868108,0.00935521988153567,0.40234219181587605
E14001311,0.527544958906339,0.003634686847316028,0.35037657887360873,0.013616513413079448,0.10482726195965679
E14001312,0.5536975425002388,0.005125220427912472,0.21046413648722603,0.011336292641399619,0.21937680794322298
E14001313,0.5548475193445608,0.0010749668309784136,0.38355978655613554,0.004909983633387889,0.05560774363493739
E14001314,0.5277407400993956,0.0016450501307381947,0.3279364144833677,0.006727389218860932,0.13595040606763753
E14001315,0.5413205030487804,0.0015910823170731706,0.35234375,0.0060308689024390245,0.09871379573170731
E14001316,0.5250406614258607,0.004935845305864281,0.4461349055751333,0.005218216318785579,0.018670371374356193
E14001317,0.6293174364069528,0.0019657489610375735,0.32361142271081056,0.004316100979669455,0.04078929094152965
E14001318,0.5540156764739294,0.00687782057769562,0.33036258300372806,0.015201429264816746,0.09354249067983023
E14001319,0.5467272146067205,0.006017186589195389,0.24483368120193302,0.01552246102931498,0.18689945657283616
E14001320,0.5910055870884074,0.001652143789804674,0.27264813778523905,0.007710004352421812,0.12698412698412698
E14001321,0.6620330418689762,0.0030359426497956975,0.19684761023486969,0.011062475956789802,0.12702092928956862
E14001322,0.6173856773080242,0.0037855910267471956,0.3146786022433132,0.011939171699741156,0.05221095772217429
E14001323,0.5377763485810757,0.0018329447704799422,0.243419889058606,0.009052174612107083,0.20791864297773133
E14001324,0.5939553494008629,0.0019118061867301845,0.34047910071980025,0.00882773894965577,0.054826004742950865
E14001325,0.5905986300009928,0.002094708627022734,0.30594658989377543,0.009470862702273404,0.09188920877593566
E14001326,0.5915366411295174,6.578155709758935e-4,0.10060567165376438,0.0025109301672616422,0.3046889414784806
E14001327,0.5774145216410498,0.002887156781872359,0.15150418343125538,0.006329859766670594,0.2618642783791519
E14001328,0.5056627902329857,0.0020381249250689365,0.2392998441433881,0.0063541541781560965,0.24664508652040124
E14001329,0.5737250298117009,0.0029210844988398856,0.36434058366226346,0.006137975022878747,0.05287532700431692
E14001330,0.580337143638333,0.004406212865300285,0.34158139926177533,0.01012692837537989,0.06354831585921152
E14001331,0.5983582076816083,0.0027391649386887848,0.1547414859756462,0.007910298748176023,0.23625084265588067
E14001332,0.569866218165985,0.004661447439192016,0.12444186423747769,0.01390750527187508,0.2871229648854701
E14001333,0.6130729454289874,0.005893870174205533,0.1573271750589889,0.015743762237060092,0.20796224710075806
E14001334,0.5872745106401126,0.0031899014883363897,0.12336560194464583,0.0090579555631370209,0.2771120303637682
E14001335,0.554641940144908,0.0058004760964251185,0.397509329618811,0.008804665329161425,0.033243588810694495
E14001336,0.5182455632140819,0.004200356135672355,0.3503335576931269,0.012192108783259919,0.11502841417385896
E14001337,0.6288999404913712,0.005536427782028394,0.29210235484145203,0.00924509053812803,0.06421618634702032
E14001338,0.5251919548821091,0.014184276686824761,0.23653767751579804,0.019959910307807298,0.20412618060746077
E14001339,0.6081509626618754,0.002611606923703769,0.30830706999302915,0.005321394558824973,0.07560896586256664
E14001340,0.5782445348542953,0.01286718187304121,0.2407389383114987,0.019057444861887058,0.1490919000992778
E14001341,0.6109049797009096,0.002456446888329308,0.3028418726553266,0.006495708926460763,0.07730099182897374
E14001342,0.5489456336126445,0.007009253008220483,0.32741948294348916,0.01176482268376951,0.10486080775187641
E14001343,0.5398612980022772,0.004057550978159611,0.4237656557292206,0.010154228340751475,0.02216126694959114
E14001344,0.5378106821787414,0.002686409307244844,0.4196404019037546,0.008313061872025384,0.03154944473823374
E14001345,0.6248002280639616,0.001641369420423819,0.17349274773879766,0.006919667925049889,0.19314598685176707
E14001346,0.5416032388663967,0.0017408906882591094,0.16547368421052633,0.007587044534412955,0.28359514170040484
E14001347,0.5965407916627429,0.006288518483640435,0.33243347877494217,0.011980621736719297,0.05275658934195519
E14001348,0.5791236420866761,0.006516064642432152,0.26764807492994513,0.013588729799239953,0.13312348854170666
E14001349,0.5476575715231301,0.003125689490328749,0.3189214532617489,0.0071431198058395234,0.12315216591895271
E14001350,0.58665348300665,0.002345915973555129,0.37457104635607513,0.005748463521975998,0.030681091141743732
E14001351,0.55439305433304,0.0031607585820596943,0.4032767864287429,0.0063015123629671125,0.032867888293190366
E14001352,0.5144138477499041,0.0061020936634617745,0.21895651747714778,0.012996560935164233,0.2475309801743222
E14001353,0.5630274881173983,0.007545226176061301,0.1391122838089386,0.012894655991903566,0.27742034590569825
E14001354,0.6076238602658465,0.011325936504449083,0.203174777545864,0.02284961001867516,0.15502581566516532
E14001355,0.5297066362859584,0.00242096268869268,0.3719927845817906,0.007367321750688313,0.08851229469287003
E14001356,0.5774682647838357,0.01196441792838518,0.3487279087485112,0.013531059199725302,0.04830834933954267
E14001357,0.5697358938488278,0.003772945016745093,0.36912332019161476,0.009156810377718427,0.0482110305650939
E14001358,0.5838236329441109,0.005712619054802925,0.34556316567601003,0.00864938800551147,0.05625119431956471
E14001359,0.561552669089157,0.0048985163919616145,0.3508060468571199,0.010419385276344582,0.07232338238541687
E14001360,0.578463552051699,0.007934803726085668,0.3319938239414297,0.013937032833317995,0.06767078744746771
E14001361,0.5856244422725534,0.008328729868695024,0.3478731993371011,0.01030467853652318,0.047868949985127265
E14001362,0.5567816353201887,0.004500255696346383,0.39405648048184555,0.009307347008352748,0.035354281493266665
E14001363,0.5695158222194197,0.006484430011245284,0.3767275173145842,0.00918540004834421,0.03808683040640666
E14001364,0.5733414665341742,0.0033647838962623353,0.3509804114481361,0.006709890693716119,0.06560344742771126
E14001365,0.5369756198991527,0.004688880802619951,0.3915683318604772,0.008951499714092634,0.05781566772365754
E14001366,0.5885688733510843,0.004136262932173418,0.3090205085469217,0.011077460924002521,0.087196894245818
E14001367,0.5722972184050512,0.001284365765814315,0.3098914127125266,0.006323031462470473,0.11020397165413737
E14001368,0.5828220195002651,0.001634039974461362,0.3883929054529321,0.007921306366263026,0.019229728706078413
E14001369,0.5371378611453325,0.00389460716130827,0.22713507928307436,0.01119103445535111,0.22064141795493383
E14001370,0.5607015923375033,0.004758940583522419,0.29675106925563743,0.01339330535531415,0.12439509246802273
E14001371,0.5599618622840613,0.00283608862170941,0.15620303485722598,0.005866097832937412,0.27513291640406584
E14001372,0.5813073464488434,0.004394441844851789,0.35359998372428947,0.01672329257624153,0.04397493540577381
E14001373,0.5835095836087244,0.006807666886979511,0.3624256444150694,0.010123375192773738,0.037133729896452965
E14001374,0.5659431798129522,0.0070584083289218285,0.3686136109640609,0.010352332215752014,0.04803246867831304
E14001375,0.567347871196185,0.005159005891927393,0.35604755423143186,0.010441751777572603,0.06100381690288314
E14001376,0.5573077198767113,0.00829433629949722,0.3273498059534903,0.013322137685982572,0.09372600018431858
E14001377,0.560771896009729,0.001636798910840351,0.25611313798826707,0.011136351468147435,0.17034181562301615
E14001378,0.5836981210892287,0.0018536729703151245,0.3021573968513668,0.014768464932510638,0.0975223441565788
E14001379,0.6019189146139216,0.0032512859913611364,0.2783737948223036,0.024604832891395804,0.09185117168101792
E14001380,0.5588972970645539,0.005963465699307851,0.3715217601911754,0.00736283490672666,0.05625464213823615
E14001381,0.5633395462433318,0.007873256636030593,0.3796088009083703,0.010508387428497976,0.038670008783769305
E14001382,0.5870434635405646,0.0019361801176520377,0.37715307461170594,0.010209911549367304,0.023657370180710145
E14001383,0.5715020825849296,0.0018641319650086895,0.36724370612736296,0.006747769352505413,0.052642309970193306
E14001384,0.5674410125027587,0.005152710210426322,0.34986614467889116,0.010775593233349645,0.0667645393745742
E14001385,0.5096514583081205,0.0070696679979022955,0.28114284561700753,0.1622897252813748,0.03984630279559482
E14001386,0.5780791352100777,0.012542919965772342,0.3380414414609577,0.012824539930461532,0.05851196343273074
E14001387,0.5641054243441401,0.007058036121730842,0.37763535508209023,0.009522264250438593,0.041678920201600224
E14001388,0.5649508883044388,0.0066233696527293225,0.37172454511298375,0.010584509688154152,0.04611668724169395
E14001389,0.6189282818603965,0.0016637007865724605,0.3489349156040392,0.009160884077962282,0.021312217671029494
E14001390,0.4865511116316293,0.0032109464972380005,0.3976498604360641,0.008061525248384768,0.10452655618668384
E14001391,0.5735133439349193,0.0028018477049730093,0.3950605264011943,0.005560423630718636,0.02306385832819481
E14001392,0.5824913823844051,0.009202028606521653,0.3271524228376719,0.01425373430009113,0.06690043187131027
E14001393,0.571224267424213,0.004932482390940577,0.34604233957271274,0.01097404366268436,0.06682686694944935
E14001394,0.5766932166668411,0.011774802968296997,0.3577865463717907,0.008781386391467716,0.04496404760160347
E14001395,0.5580501595785801,0.02670318384115029,0.3501341785292266,0.011794458371525438,0.05331801967951762
E14001396,0.5362608805638921,0.0036450607701771936,0.42002138742281553,0.009486356893994274,0.03058631434912093
E14001397,0.6137986588870504,0.002449272838108508,0.31787207175825133,0.037577288165113645,0.028302708351476094
E14001398,0.5614808503893325,0.04942442194527551,0.32748509044798,0.014057577618830615,0.047552059598581366
E14001399,0.5890406597255389,0.016790312138482928,0.3271988197960115,0.011897559991933858,0.05507264834803282
E14001400,0.5465532151131135,0.004761548891285085,0.3922619492457322,0.00902132020882488,0.04740196654104434
E14001401,0.5302702655378608,0.004132339937489604,0.30752663695817756,0.011477749275527267,0.14659300829094474
E14001402,0.5737711191473892,0.004439086925740964,0.34562692535828404,0.010054914566710675,0.06610795400187514
E14001403,0.5643897390404377,0.006875138611665558,0.3309122495749242,0.013168108227988468,0.0846547645449841
E14001404,0.5425410916850358,0.004297893327696752,0.396583829050538,0.010236434459643083,0.04634075147708629
E14001405,0.5004849660523764,0.003113482056256062,0.39389912706110575,0.007769156159068865,0.09473326867119301
E14001406,0.47859916111830103,0.0030561489404830585,0.26693745809489655,0.008248483619977235,0.24315874822634212
E14001407,0.5225071792874161,0.0034243162691258936,0.30073287615389493,0.01027294880737768,0.1630626794821854
E14001408,0.5448547881086643,0.0022192855917926783,0.3567602465424539,0.008009603454015394,0.0881560763030737
E14001409,0.5323209092809762,0.0036302814893657462,0.2988519947541482,0.010643757246307946,0.1545530572292019
E14001410,0.5335646439293272,0.0037239365454336663,0.20731827353708351,0.009268828846563971,0.2461243171415916
E14001411,0.5555964247618347,0.002381652995917166,0.3074171479015706,0.0074024349873101115,0.12720233935336742
E14001412,0.5342891627958012,0.00475476390768443,0.2871420211404118,0.010213598624775978,0.16360045353132657
E14001413,0.5501130823742273,0.0038297230738302255,0.35796351208724936,0.008634467507664473,0.07945921495702869
E14001414,0.5460624585769257,0.0027203212946750946,0.34696461603901435,0.006241900861599945,0.09801070322778486
E14001415,0.6046939884169529,0.0017586343421694733,0.2904232692183745,0.006288729087443719,0.09683537893505943
E14001416,0.6265800185674498,0.001169392273084339,0.2561861743912019,0.004909662215239591,0.11115475255302436
E14001417,0.5615869363820538,0.002300793060971016,0.3161961578791982,0.007411404196402211,0.11250470848137477
E14001418,0.598545392132674,0.002628163182115618,0.35068278606751696,0.007820126366376674,0.04032353225131676
E14001419,0.5106803224955091,0.005899931039767068,0.19368460484083808,0.01246392358184558,0.2772712180420402
E14001420,0.492118611369903,0.009768216594675475,0.2518938859245457,0.018811815966046506,0.22740747014482934
E14001421,0.594192575599197,0.0038574322636744586,0.11437240409609355,0.011905312526016855,0.2756722755150181
E14001422,0.5773823202286954,0.001865963177101047,0.31619343511871384,0.008585269002031418,0.09597301247345828
E14001423,0.5802244464664846,0.002347813388153091,0.38520989901032365,0.00609982138644559,0.026118019748592996
E14001424,0.5916392431098313,0.003753599341834636,0.350545043192102,0.017708761826408886,0.03635335252982312
E14001425,0.5050861051771075,0.0022210739818149567,0.2363053051277503,0.007681214187110059,0.24870630152621714
E14001426,0.5770855490065501,0.005307676251627588,0.3631683050224135,0.013318887972249003,0.041119581747159795
E14001427,0.5584702201363281,0.00980556486758297,0.3016445040414199,0.017348307073416024,0.11273140388125302
E14001428,0.5786897105312707,0.0019918936863907084,0.3663003300002973,0.008027034258589421,0.044991031523451824
E14001429,0.5629610576675755,0.006883070116775554,0.33488348166057924,0.011193991460466074,0.08407839909460363
E14001430,0.5495411652670764,0.003282544079877644,0.09335411075520157,0.008318183129887744,0.3455039967679566
E14001431,0.5713215687449441,0.004134583695359079,0.3375078646972466,0.008159311302194126,0.07887667156025606
E14001432,0.5484657458051359,0.006452210994715862,0.2700565495503847,0.011569481783628441,0.16345601186613518
E14001433,0.5779798242195956,0.002970082694722258,0.2576092133177469,0.01140407845174698,0.15003680131618824
E14001434,0.5306324110671937,0.006566654689184334,0.15641394178943585,0.01542400287459576,0.2909629895795904
E14001435,0.5899828988125968,0.0027507098606091894,0.08952310273618999,0.009591184821889519,0.3081521037687145
E14001436,0.5710527153329585,0.0016019350526728976,0.3915192921781012,0.006694178928719195,0.02913187850754819
E14001437,0.5385723315407173,0.002621571492223362,0.4266322650170454,0.00546074378024392,0.02671308816977007
E14001438,0.4860959486989934,0.00794271616824117,0.20058796730076592,0.010873956658901602,0.2944994111730979
E14001439,0.5666617668675584,0.007643686608849037,0.31335965225425755,0.01132903550954411,0.10100585875979085
E14001440,0.5846303919046394,0.0016400823257010548,0.3835219963982506,0.009347397307263527,0.020860132064145442
E14001441,0.5520033194684802,0.005920393478458876,0.35667081600226697,0.006669297952657093,0.07873617309813685
E14001442,0.5789051921854708,0.004835723562408466,0.2959278602153509,0.010187257638140504,0.11014396639862942
E14001443,0.5951703398724469,0.003229191894728344,0.3496407524017115,0.010767336723984822,0.04119237910712844
E14001444,0.5856395155136651,0.004255913678033682,0.3490279106258128,0.020333809795049812,0.040742850387438606
E14001445,0.5513835942054985,0.006547966094093376,0.17758442839843924,0.01524868816432704,0.24923532313764182
E14001446,0.6309800301248725,0.001943540158398523,0.24637286817938875,0.005850055876779554,0.11485350566056071
E14001447,0.5662739465460686,0.0029793676364977388,0.34173443838434814,0.007627957531880204,0.08138428990120533
E14001448,0.5473883526532121,0.0015886944072414908,0.3050939823581028,0.004729136840160717,0.14119983374128298
E14001449,0.5681357238469963,0.007757676550521234,0.31458646006571206,0.011682148217255507,0.09783799131951487
E14001450,0.5842044020195646,0.0026230672136320606,0.37043428526349004,0.010758520037866835,0.031979725465446515
E14001451,0.5861497536086521,0.002027822598229471,0.3795298940299158,0.007108281365836641,0.02518424839736601
E14001452,0.5771537345567784,0.0014507618810005636,0.3377780241916854,0.0045370960737024,0.07908038329683327
E14001453,0.5215114206586415,0.006379847724551446,0.31646969572330835,0.012256985384847405,0.1433820505086512
E14001454,0.6086730147287055,0.003744755839916694,0.20218677720705297,0.007809918596617705,0.17758553362770718
E14001455,0.5926128737853653,0.009566757932034145,0.3510173404198207,0.010683416545874269,0.03611961131690557
E14001456,0.5565137078609328,0.005334238080428247,0.28508957938684537,0.011026605219259803,0.14203586945253377
E14001457,0.5942559580220065,0.006324631146314456,0.3206607942699241,0.01298843809542811,0.06577017846632682
E14001458,0.5770283749655128,0.005899955431991341,0.3517689254865341,0.015121288652136081,0.05018145546382563
E14001459,0.5126701935355479,0.007048209754722301,0.26445712200865684,0.013789615084827277,0.2020348596162457
E14001460,0.5787436898031543,0.007404684949572474,0.3293949777859452,0.013598676885492222,0.07085797057583587
E14001461,0.564480115244122,0.002490096208262592,0.37250604517158,0.011884550084889643,0.04863919329114575
E14001462,0.5428251716420741,0.002617304555627205,0.3416625573720745,0.010421803284906878,0.1024731631453173
E14001463,0.6355755780012556,0.004460991111062156,0.32254617951909414,0.009428662693998039,0.027988588674589976
E14001464,0.5827815226011103,0.0034496431403647897,0.3624603489294211,0.01010111022997621,0.041207375099127676
E14001465,0.5609662923607411,0.0031063705729192847,0.34799392800056295,0.009711177907572909,0.07822223115820373
E14001466,0.5852583559004744,0.0013449410225186747,0.27685792697333744,0.004407408080551062,0.13213136802311845
E14001467,0.5322519678036198,0.005814470583003513,0.22402943923155602,0.010973006626050608,0.22693111575577
E14001468,0.60095517764368,0.005087826863295578,0.306173158217432,0.01195047705099659,0.07583336022459583
E14001469,0.5711960481863863,0.0022806204044552533,0.3184162463448563,0.005971250934486577,0.10213583412981557
E14001470,0.5830490886555146,0.0013643744535295982,0.3404210344264343,0.004304505318177888,0.07086099714634357
E14001471,0.5614217438607398,0.003409620764687597,0.3916401150139882,0.00896603978862294,0.03456248057196146
E14001472,0.6067725975652317,0.0027303894397569337,0.33370285972367636,0.009936154051446286,0.04685799921988873
E14001473,0.5602169548410296,0.024472346248738924,0.34596905496788627,0.011866590752449733,0.05747505318989542
E14001474,0.5555860335887589,0.002291751464420337,0.37905923159962485,0.005645318279151256,0.05741766506804467
E14001475,0.5918729182679989,0.003679221111965155,0.34901357929797594,0.01231872918267999,0.04311555213937997
E14001476,0.563120802931072,0.005936874007493747,0.3791399836009424,0.014935597371999128,0.03686674208849264
E14001477,0.6083435118943756,0.0017012737742104346,0.11634095271331356,0.003795149188623277,0.2698191124294771
E14001478,0.5809789893292948,0.0019061047574285863,0.2149198391560917,0.002959249395094609,0.19923581736209028
E14001479,0.6035533709385793,0.005153578814027262,0.31120686855125973,0.007275640678626722,0.07281054101750702
E14001480,0.5272069621438357,0.00222741294856253,0.3887525501907099,0.0049968954200053225,0.07681617929688656
E14001481,0.5345622998322404,0.005194829952722282,0.29481851456458746,0.015250876925423212,0.15017347872502668
E14001482,0.5814935099281702,0.012810883432597404,0.33606618074876493,0.013561975689999894,0.056067450200467585
E14001483,0.5636027469624934,0.003803486529318542,0.3832118330692023,0.009149498151082937,0.0402324352879028
E14001484,0.5808909471827103,0.008501488587495864,0.348351527180505,0.010673723674054472,0.051582313375234314
E14001485,0.5659102913094706,0.008176573355543818,0.3715109901271686,0.012036322268719783,0.04236582293909723
E14001486,0.5403001484250454,0.009334286185476335,0.28757077675773735,0.13049310098400307,0.032301687647737894
E14001487,0.4774801107041404,0.0031146957006238526,0.39590431216375443,0.008375882573231885,0.11512499885824938
E14001488,0.5544610049944342,0.004866371794745501,0.3975943967767675,0.008924965275383449,0.03415326115866933
E14001489,0.5746531529584648,0.0034900808229243203,0.35864632406967195,0.00894670873492674,0.05426373341401219
E14001490,0.5585466719180779,0.006951555730602599,0.36923001181567544,0.011805829066561638,0.053465931469082316
E14001491,0.5893824370981195,0.003959413373314609,0.36420267973097104,0.011941590733916863,0.030513879063677925
E14001492,0.6179919570139569,0.001306703614837845,0.3393261464634517,0.007400898921969518,0.033974293985783964
E14001493,0.5480731761261308,0.01638774499994734,0.392452790445397,0.00985792372747475,0.03322836470105004
E14001494,0.5452940730553059,0.003963569811892875,0.4015767643841847,0.00941077094681669,0.03975482180179985
E14001495,0.5963188286244586,0.008290369148277995,0.35111363167663434,0.013466694163745102,0.030810476386883893
E14001496,0.5868623749482632,0.003977427593656306,0.2896758497461109,0.010105088886421225,0.10937925882554841
E14001497,0.49438918396909703,0.0034958957025591503,0.3918783196523419,0.00913568324480927,0.10110091743119266
E14001498,0.5591260303083446,0.00986207536853833,0.35026873123781427,0.012348226167510858,0.06839493691779197
E14001499,0.5361614362813687,0.004470207701113917,0.30124838727262815,0.008286238665479458,0.14983373007940978
E14001500,0.5217222161907864,0.004994028878514819,0.24531357434950965,0.01004234067962219,0.21792783990156697
E14001501,0.5537946337689833,0.0026464720491836654,0.3504946866984243,0.006962257237083181,0.08610195024632547
E14001502,0.5693655671386338,0.0027520616150614593,0.3490547689435195,0.007633810487007935,0.07119379181577719
E14001503,0.5778179072645614,0.0027320915678780756,0.10524390338826056,0.006982011784577304,0.3072240859947226
E14001504,0.5842892793690243,0.004210612798208949,0.32918776252143817,0.011163258808910068,0.07114908650241854
E14001505,0.5468355413963246,0.004458215159874121,0.3054023077819651,0.009236955592680368,0.13406698006915577
E14001506,0.6064731110457049,0.0017764789976033302,0.34836858260101755,0.006759029558928646,0.03662279779674558
E14001507,0.5889392401756378,0.006018709243089537,0.2540216834299609,0.013032163419511068,0.13798820373180068
E14001508,0.5241589478327118,0.007919323148482297,0.25275672641244634,0.17780384137295,0.03736116123340952
E14001509,0.5920793858379338,0.0032245505096387106,0.36316624903912387,0.0061795565494314605,0.035350258063872056
E14001510,0.5942768575435193,0.002794091287707053,0.354122075429921,0.005609270056830763,0.043197705682021866
E14001511,0.5082420996734796,0.008722276830604798,0.23747867448508062,0.2059564564055633,0.03960049260527178
E14001512,0.5439159145522318,0.005127622939963293,0.3163800117310931,0.013746192125030747,0.12083025865168114
E14001513,0.5549996826941384,0.007996107714763183,0.36305079009159563,0.01172974002073065,0.06222367947877224
E14001514,0.5646281651139323,0.0041536620280196185,0.40427803721868916,0.006230493042029428,0.020709642597329454
E14001515,0.5949052436957527,0.0029171588516254945,0.34854912433876023,0.007005289918340095,0.04662318319552154
E14001516,0.5523301757509678,0.003531023996959118,0.33062588150563665,0.009552770303387982,0.10396014844304849
E14001517,0.5966617387572131,0.004835709857408555,0.30184558157279795,0.011283323000619962,0.08537364681196051
E14001518,0.5928698248728916,0.0012509079170365588,0.356690339762731,0.008534420143652651,0.04065450730368816
E14001519,0.6038163426169206,0.0024741636013312315,0.3523274654055001,0.01124321247153617,0.030138815904711857
E14001520,0.5325878113351219,0.0034354220345135956,0.33217343568765995,0.005755217325860405,0.1260481136168442
E14001521,0.5576024003907613,0.002811088848350728,0.3655512026874807,0.005233410090014654,0.06880189798339265
E14001522,0.5652887139107612,0.003915841165015663,0.3757196681060029,0.006074845483024299,0.049000931335196
E14001523,0.5552766796290113,0.005763036851119753,0.40591169088578416,0.00763737033167085,0.02541122230241401
E14001524,0.5450806877025267,0.004198559571100991,0.39898158016557395,0.00490908503697962,0.04683008752381875
E14001525,0.5684599544304987,0.0035860535402491445,0.09512437655128135,0.008753728947595074,0.3240758865303758
E14001526,0.5633124395271549,0.008245340961675993,0.3493647722014219,0.01103235034285474,0.06804509696689243
E14001527,0.597812428844905,0.004461160913821166,0.11835147876099478,0.010457163578711239,0.26891776790156774
E14001528,0.6236280203205298,0.004038557910562155,0.261671039314526,0.010563138087236782,0.10009924436714521
E14001529,0.582909810456155,0.012820245782128724,0.34050197875442617,0.010497812955634242,0.0532701520516559
E14001530,0.5470447549897577,0.0038502375564397635,0.38821977456269235,0.010757070387490481,0.05012816250361965
E14001531,0.5854497300182725,8.828299833699468e-4,0.34159361077463196,0.007113967191574106,0.06495986203215144
E14001532,0.5808943420838089,0.006797244415457362,0.30305315506277514,0.013482390347301483,0.0957728680906571
E14001533,0.5760757125563992,0.004247826565423132,0.3621437218003742,0.008781776163750412,0.04875096291405304
E14001534,0.5487555436611102,0.0032115002293928736,0.2437777183055513,0.007445710353265025,0.19680952745068053
E14001535,0.5970461080197753,0.005057609167821608,0.32724489584841654,0.008853401733446413,0.0617979852305401
E14001536,0.5438276594544805,0.008731695396356938,0.32710491193112395,0.01032952986070643,0.11000620335733217
E14001537,0.4950672010900822,0.007016519346304604,0.2744848211362691,0.009582459586441218,0.21384899884090286
E14001538,0.5428451874508085,0.004373686150658046,0.39543502734799196,0.007412351927311129,0.04993374712323035
E14001539,0.6094291231978093,0.008061961641820022,0.3125057475962275,0.01329355145248143,0.05670961611166175
E14001540,0.5411384193357058,0.00868364472123369,0.35469491399762754,0.010500074139976275,0.0849829478054567
E14001541,0.554478402335811,0.007709702966518134,0.3452382088298999,0.009789796093623274,0.08278388977414769
E14001542,0.5585422402550355,0.014097335789844121,0.3494317593723477,0.012565466702548284,0.06536319788022439
E14001543,0.5629857303723395,0.012128260508390097,0.338686751213749,0.013743515903343117,0.07245574200217829
E14001544,0.5780186174334391,0.0039053217757849387,0.3681230692936327,0.013389674659834075,0.036563316837309255
E14001545,0.5736988478347239,0.01672728013610016,0.35316769047400753,0.011216038629626234,0.04519014292554221
E14001546,0.5350517768010132,0.0013327042307151075,0.2829637355451257,0.004031223356262468,0.17662056006688354
E14001547,0.5468389519022431,0.0013509127433178065,0.33704395729712183,0.00287726870005351,0.11188890935726378
E14001548,0.5494362199892613,0.007911548450015888,0.3883233434510569,0.00913882466386877,0.045190063445797124
E14001549,0.572041351643265,0.003991153628555264,0.3495139638944607,0.009679576197088927,0.06477395463663015
E14001550,0.5733286109738934,0.007549561473003327,0.16171906310874165,0.019144196624134364,0.23825856782022722
E14001551,0.5538271439381603,0.007653330012739585,0.3684901196371613,0.013371775591720227,0.05665763082021858
E14001552,0.5603155644958512,0.0060346995222529546,0.3895000419076356,0.012237029586790713,0.031912664487469614
E14001553,0.5666001350201063,0.0025316269922803724,0.08126889547682645,0.007594880976841117,0.3420044615339458
E14001554,0.5316050163347034,0.009958899778691115,0.22875961639793446,0.17508694277584572,0.054589524712825375
E14001555,0.5819002722262798,0.00407865157881757,0.30533923947375907,0.010689861230993958,0.09799197549014958
E14001556,0.5804723529137746,0.008189313830530582,0.21182279778264312,0.016210928401732893,0.18330460707131876
E14001557,0.6348108176206274,0.001963213370847856,0.30776256666526686,0.016881535295846805,0.03858186704741108
E14001558,0.5631528242571747,0.0029239766081871343,0.21714329175540006,0.00705641753709901,0.20972348984213907
E14001559,0.558678357818942,0.004490641271316029,0.11655343282426495,0.013830013742910787,0.30644755434256626
E14001560,0.5806390764703663,0.001895725657373524,0.31080469309993586,0.006875542309578602,0.0997849624627457
E14001561,0.6299050107848018,0.005703500912560146,0.32244483159117304,0.007964161274265804,0.03398249543719927
E14001562,0.5891659208114904,0.0018582448962195797,0.2682777138473341,0.0025657418062481354,0.13813237863870775
E14001563,0.5912625800548947,0.0035371193308064305,0.11363710626061953,0.010104888249901973,0.2814583061037773
E14001564,0.5698794557400797,0.00526669770810699,0.3449428320140721,0.009043406280718091,0.07086760825702312
E14001565,0.5901955384191683,0.005586811976236377,0.32223511822795764,0.009904788133926113,0.07207774324271157
E14001566,0.5463053393133137,0.007329584783288926,0.28145415927860956,0.01297137384675194,0.1519395427780359
E14001567,0.6093292302486173,0.0013112951154256951,0.3572221693474192,0.008576293053308377,0.023561012235229425
E14001568,0.5623883250342394,0.00299311583358276,0.2014820458400225,0.007636980399626314,0.225499532892529
E14001569,0.5447484494234236,0.003492340661957298,0.401267674305217,0.008708174118127288,0.04178336149127482
E14001570,0.5768911771992374,0.003985394069302772,0.36200303751656093,0.008552440246017298,0.04856795096888161
E14001571,0.5138713521011542,0.0034144866710533336,0.34690828902206966,0.008891892372534722,0.1269139798331881
E14001572,0.5756898594887422,0.011951921449128154,0.3489419332994752,0.011466621522487444,0.05194966424016703
E14001573,0.5440527472527472,0.003956043956043956,0.27845274725274727,0.00952967032967033,0.16400879120879122
E14001574,0.5838052810042565,0.0014879878796623621,0.26230971791357044,0.0025070341245220402,0.1498899790779886
E14001575,0.5700883650856404,0.0070948508905961175,0.362884527027749,0.010652961352295676,0.049279295643718815
E14001576,0.5447629041778711,0.0015595053307390161,0.09531201037726912,0.00448175597385278,0.35388382414026803
E14001577,0.5921581902903341,0.005207296188617627,0.3421581902903341,0.010046198574216417,0.05043012465649767
E14001578,0.4768554960262042,0.003233205528612176,0.3460968776714149,0.009149463812643357,0.16466495696112535
E14001579,0.5658362264688814,0.01406012970749636,0.36698872949776523,0.01100579305851091,0.04210912126734609
E14001580,0.5840060711378984,0.004300389344713051,0.34242537559666525,0.014935879105167067,0.054332284815556194
E14001581,0.544389871432404,0.013733825866231918,0.3515281589863178,0.009936644860391688,0.08041149885465464
E14001582,0.6189799842671095,0.004206363080150336,0.324906039681846,0.01437811380124115,0.037529499169653
E14001583,0.5859882196139129,0.00230018487467217,0.379079066167935,0.013005718216604326,0.01962681112687562
E14001584,0.6063495843436093,0.0035720471077242814,0.35028792864565295,0.005552909594735019,0.03423753030827849
E14001585,0.5714939460387072,0.002459719706359043,0.3622175612546477,0.0052531223186195065,0.05857565068166651
E14001586,0.5445536482630554,0.005842655917387563,0.1688301100593324,0.014420942977489923,0.26635264278273474
E14001587,0.5904127371998015,0.008046657248673207,0.30443663853995645,0.014432438623954793,0.08267152838761406
E14001588,0.5719426731485574,0.008054260279779568,0.23543152976829346,0.014421906144868452,0.17014963065850117
E14001589,0.6331216858969982,0.009194146696706948,0.312726155526729,0.01142441000432398,0.0335336018752418
E14001590,0.5491322140506119,0.002900758885405374,0.3970425932979773,0.008135798490042681,0.04278863527596277
E14001591,0.5741723216121736,0.011248200699156899,0.3263520460621016,0.0153197614641168,0.07290767016245116
E14001592,0.5666567253206084,0.005753153170487671,0.255024388366701,0.012295200253985358,0.16027053288821758
E14001593,0.5820862093539388,0.009050556879034064,0.29277380734225156,0.015128377415348278,0.10096104900942723
E14001594,0.5277628960661258,0.0021429664778815248,0.35099686208480024,0.0037310577070258687,0.11536621766416653
E14001595,0.5505144136018973,0.0018872966563115877,0.29792564385208936,0.0025720680094865884,0.1471005778802151
E14001596,0.5874484044205761,0.003728196706759576,0.239669788291687,0.005166215436509697,0.1639873951444676
E14001597,0.5476451786814541,0.011186845348120764,0.3316870764017252,0.009396179913739987,0.10008471965495995
E14001598,0.5727991446979714,0.003891999362274803,0.33073554098791136,0.008749964831331064,0.0838233501205113
E14001599,0.565768891384566,0.00445210973848869,0.34513877747473126,0.009255174073479866,0.07538504732873416
E14001600,0.5986150705166201,0.003857480218653269,0.23483586892094047,0.008618175317771693,0.15407340502601446
E14001601,0.5506313541389865,0.007214069896759082,0.40041532571574795,0.006072416270532542,0.03566683397797396
E14001602,0.6006954713700606,0.003997167925864186,0.26314987587270006,0.010100466933742013,0.12205701789763307
E14001603,0.5230798569725864,0.00765673420738975,0.38249344457687723,0.009945172824791418,0.07682479141835519
E14001604,0.5451866494614209,0.005088359919098738,0.30570427111074505,0.01595145924278615,0.12806926026594917
E14001605,0.585237840726884,0.003869588455371459,0.3427578834847675,0.015435595938001069,0.05269909139497595
W07000081,0.12264915256068185,0.7888801270348805,0.05077074308923768,0.014367040065677898,0.023332937249522
W07000082,0.26065914256603184,0.3683478329022651,0.27765694803668,0.02866603965828043,0.06467003683674269
W07000083,0.21399462412208445,0.5270094511402064,0.16917757738662967,0.02665178184340588,0.06316656550767363
W07000084,0.1291856905263827,0.7874871555842753,0.04738397652517506,0.013093359039820337,0.022849818324346655
W07000085,0.210669824233602,0.5740217698307515,0.1557238142829209,0.021867599452495275,0.0377169922002303
W07000086,0.16572685000105203,0.7120058072253667,0.06918172828076673,0.015696341027205588,0.037389273465609024
W07000087,0.1619695048534379,0.6526941641538183,0.12547548774120681,0.02124644383117921,0.0386143994203578
W07000088,0.13594952995621226,0.782399817378131,0.045790358395417854,0.013053313134247827,0.022806981135991035
W07000089,0.2194744833716021,0.5448577883119768,0.07928116435819568,0.018081993926375824,0.13830457003184948
W07000090,0.21234583679468336,0.6182290668200311,0.07801350459028265,0.017189596779346922,0.07422199501565595
W07000091,0.23345294681270784,0.4741108835741259,0.11693313543878107,0.020525297311514833,0.15497773686287034
W07000092,0.20493634456855764,0.6290229744890493,0.057460611677479144,0.017121116043119847,0.09145895322179406
W07000093,0.21467475298707112,0.5326845802112533,0.16595431726372561,0.026753072339881265,0.059933277198068666
W07000094,0.24245198610041824,0.49039722008364717,0.21084500301712478,0.025354252065169895,0.0309515387336399
W07000095,0.2333536713444092,0.47004811106554506,0.23162327335287117,0.02743631035138082,0.03753863388579373
W07000096,0.14931360408133024,0.6605700737730078,0.130505191629886,0.024682733729188496,0.0349283967865875
W07000097,0.17141402808942077,0.7113874345549738,0.06281683703149672,0.014699160641569018,0.03968253968253968
W07000098,0.12787087444709086,0.7311053929908132,0.07801335488261313,0.019022201429057504,0.043988176250425316
W07000099,0.1100529843856621,0.7984887408180468,0.04147433067073415,0.01302532814193393,0.03695861598362301
W07000100,0.20761478606925773,0.6046686597897322,0.1327241768467737,0.021016888748094324,0.033975488546142116
W07000101,0.27036156502468883,0.4941316952999774,0.1683036242563766,0.024237012812375613,0.04296610260658154
W07000102,0.21931116292387615,0.5162596637624248,0.19612835930789055,0.026240438499611406,0.04206037550619708
W07000103,0.13201310184068804,0.7524515714170886,0.06240454947351499,0.012890844787396511,0.040239932481311795
W07000104,0.21993005404914384,0.5869827860289776,0.07436980515056547,0.017341145478493893,0.10137620929281918
W07000105,0.17785040013387013,0.7086749810514711,0.058538650077270625,0.014873364766563967,0.04006260397082419
W07000106,0.12394021846287315,0.7721321818683702,0.05130328482984345,0.012983556133916952,0.039640758704996254
W07000107,0.1039003867408836,0.8201005326431291,0.04438026522230106,0.012091898428053204,0.019526916965633027
W07000108,0.18116947093540456,0.6118534956907684,0.08070363391140488,0.01708387936064586,0.10918952010177631
W07000109,0.16147210542286186,0.7326498764575837,0.06577008106116433,0.01452165243400234,0.025586284624387706
W07000110,0.20423773704841613,0.6617014514249391,0.08170357029346328,0.017131052018222268,0.035226189214959215
W07000111,0.19638874029814593,0.5562429980116876,0.14497522179271086,0.02201273731063091,0.08038030258682466
W07000112,0.1828450303435059,0.6119225296901768,0.15004791079880367,0.02780278173001539,0.027381747437498185
