ons_code,dist_under_5,dist_5_10,dist_10_30,dist_30_60,dist_over_60,dist_wfh,dist_na,av_dist
E14001063,0.24639289678135406,0.11187247663626566,0.143656806446943,0.04011645675497434,0.012112145924817835,0.2972060029918448,0.1486432144638003,7.102374173623511
E14001064,0.19118532586039186,0.1896799295937746,0.19470563713001993,0.019662791236277732,0.009541896336097087,0.23711149196349993,0.15811292787993886,7.442852841724953
E14001065,0.19394980517031885,0.10633929693719361,0.1300749989525286,0.01996480496082457,0.009113001215066828,0.44810826664432063,0.09244982611974693,5.511375539447773
E14001066,0.24955648926237162,0.13968253968253969,0.219187675070028,0.01858076563958917,0.01258169934640523,0.21351540616246498,0.1468954248366013,7.897934173669468
E14001067,0.1016279330863366,0.08754911867070843,0.19178174469518355,0.04553721791849107,0.01583024587403166,0.394004715392388,0.16366902436286068,8.061917592904456
E14001068,0.31758789354031275,0.15739316141180792,0.16345557673318484,0.025420809699864513,0.013824144028291272,0.17461593221117414,0.14770248237536454,7.4933979378602436
E14001069,0.301715226463494,0.049733910180328494,0.1352463723726023,0.04270837321490103,0.034093954592442285,0.2776139974731039,0.158888165703128,8.481613002029174
E14001070,0.31323253109063254,0.1698353762190212,0.1133354209537443,0.014180907220184308,0.00847723002594614,0.23092064060123468,0.15001789388923684,5.63987429542811
E14001071,0.22823011068524554,0.05269190815632052,0.15915033850342086,0.06716337715370563,0.01022674356127091,0.3312497761220762,0.1512877458179604,7.989262814772362
E14001072,0.27852614133472087,0.05469156501127363,0.14293422751536874,0.05900830587192384,0.01903991058179646,0.31350330500472146,0.13229654468019503,8.14375325200902
E14001073,0.19078025229714998,0.1244354461921819,0.22730969561681288,0.01730433127411791,0.011161293671806053,0.20685597605080552,0.22215300489712575,7.628008790600287
E14001074,0.2739703254228835,0.14937035035950294,0.20125929928099415,0.013050164166077885,0.010411038610199078,0.18529986284859315,0.1666389593117493,7.2505299031627946
E14001075,0.24821302835683956,0.17538993321526875,0.18896024921586618,0.02069686559839546,0.012994217679817356,0.1799987197815094,0.17374698615230333,7.6860584206371225
E14001076,0.40410776797979353,0.09270173261842514,0.12059644613816635,0.0335002437187043,0.015110559666770062,0.21688749058359552,0.11709575929454513,6.833817078034298
E14001077,0.2135891540474114,0.08851978117814953,0.1392610798382621,0.06443748513438516,0.00844366923015936,0.31366447316261,0.17208435740902245,7.558273210179973
E14001078,0.27499914062768555,0.059657626069918535,0.11900587810663092,0.035320202124368365,0.01696400948747035,0.3659379189440033,0.128115224639923,6.461577463820426
E14001079,0.2793954120505745,0.0918619496725835,0.23683126724599482,0.048000494213582635,0.017029776368353858,0.18460936534739097,0.14227173510151972,9.646482846670237
E14001080,0.3091343100540919,0.030418500755535115,0.09307316645862077,0.01208856185533145,0.015942885925147275,0.43597661126075815,0.1033659636905153,4.681854017475856
E14001081,0.16987977412107597,0.11676483089440767,0.04004493290424434,0.0053737324670593235,0.0049790515513995996,0.5879227639808124,0.07503491408100067,2.741476410225272
E14001082,0.12977830781353153,0.10620354792682667,0.12999126860744936,0.04082458419404988,0.0071554826756394145,0.45686479119194157,0.12918201759056158,6.130342653917413
E14001083,0.12969474044824292,0.10286507635996466,0.13104704206559564,0.006815600151457781,0.004435549304916969,0.5075278123365969,0.11761417933322516,4.378211716341212
E14001084,0.3564762336582785,0.05032872364543187,0.13439885135645735,0.02775258822640369,0.02499433235094083,0.26666288823396056,0.13938638252852717,7.205046096879014
E14001085,0.22356783012520717,0.10290618487339799,0.043797896256912654,0.006137284825809416,0.006301383350563679,0.5269860023958385,0.09030341817227062,2.9869623722082737
E14001086,0.2675043665530515,0.10043919892828679,0.043936850316257145,0.008563531227213376,0.007444337047023113,0.45951399840599616,0.11259771752217192,3.2816977836563734
E14001087,0.15876445601198222,0.11238244898961378,0.25771601149114837,0.04954943894713581,0.025437670341542467,0.24683870650919537,0.149311267709382,10.658838117219535
E14001088,0.15611687602403057,0.12222829055161114,0.15401419989077006,0.03405243036592026,0.019825232113599125,0.3206171490988531,0.19314582195521574,7.505666302566902
E14001089,0.18955782528706464,0.11252088223476918,0.16735393008945,0.013449216519698028,0.006788047960413627,0.3411575630696356,0.16917253483896888,5.8131383619869315
E14001090,0.1700585447449122,0.09205464176191804,0.2030480438620946,0.02815723445776415,0.01819533500604033,0.3632562029551157,0.125229997212155,7.899219403401171
E14001091,0.3261317556338496,0.16275565600833167,0.11201223160273882,0.015533249130271001,0.011411730816104944,0.23124819960557513,0.14090717720312881,5.888176117352479
E14001092,0.26463811330984005,0.15817294659799402,0.11701454775458571,0.02606849191289419,0.021076172404445648,0.3016174211620132,0.11141230685822716,7.04735926628716
E14001093,0.27207651588065446,0.21338626884825151,0.13388273981392365,0.01700352903432788,0.012111004170676933,0.20277911453320502,0.14876082771896054,6.692282242540905
E14001094,0.28024207572982124,0.1627286850464906,0.08597862128133188,0.015952883344540543,0.014608018178867067,0.29343566675168686,0.14705404966726182,5.52716395761356
E14001095,0.2845638198082775,0.22469056716008146,0.12164542771511588,0.014024571598526618,0.013521242764648013,0.16891258093298864,0.17264179002036195,6.5423025006291615
E14001096,0.327312523791397,0.11016368481157214,0.10026646364674534,0.02466692044156833,0.021735820327369624,0.2739246288542063,0.14192995812714124,6.498715264560335
E14001097,0.2238699303198142,0.18199481865284975,0.18813650169733787,0.0189610505628015,0.013645703055208147,0.23499195997855996,0.13840003573342863,7.6322695193853844
E14001098,0.28626622122224493,0.1870184768527988,0.11240653621508602,0.025885775323288108,0.016954160132724255,0.20597259153201064,0.16549623872184724,6.887627553919229
E14001099,0.23790001405613082,0.18378391041559294,0.11010635805650565,0.015649158974839525,0.01839010448390573,0.31054678348873166,0.12362367052429368,6.350677036967623
E14001100,0.29714714362737055,0.21132703532666025,0.09205560374129726,0.015143346069996953,0.013525867929393563,0.19972338779624463,0.17107761550903677,5.932452706345671
E14001101,0.19290747665928923,0.09575415299295327,0.24012312701925767,0.06848304459538528,0.014780330204278918,0.22450329441094916,0.1634485741178865,10.267050802615177
E14001102,0.42509763808815326,0.07917984005951274,0.14194718244374185,0.02926817928212758,0.00853170913148596,0.1792588804165892,0.13671657057838943,6.495141342756183
E14001103,0.283139731589038,0.2025036652757415,0.10828916206157663,0.01716476824179542,0.013375437013646104,0.21111988271117627,0.16440735310702606,6.234859591744671
E14001104,0.294464609800363,0.15300463803186126,0.11519459568461383,0.018602540834845735,0.017543859649122806,0.23096894535188547,0.17022081064730793,6.428211332930027
E14001105,0.44213326356183497,0.09874847374847374,0.06708965637537066,0.017769928484214197,0.01310395953253096,0.1957744636316065,0.16538025466596895,5.035703383917669
E14001106,0.19137197079597612,0.12882589360032343,0.2454041713239316,0.02680206425836524,0.012509215439130538,0.2507550714642441,0.14433161311802897,8.559537682227877
E14001107,0.2207390786702079,0.14893763165125012,0.22540983606557377,0.021934243062551515,0.019530176756113196,0.20954299844308086,0.15390603535122263,8.726531733675245
E14001108,0.25794396469818215,0.14203069906889343,0.15387538796106665,0.032873762219454004,0.01752422777273399,0.21637142917467223,0.17938052910499758,7.668855435677639
E14001109,0.20286077558804833,0.17052341597796145,0.2364907819453274,0.03920322102140284,0.015087942360669633,0.1850392032210214,0.15079465988556898,9.487073532528079
E14001110,0.2942958101968703,0.13600033653037186,0.15985192663637893,0.011357900050479555,0.00830809355544338,0.22848308934881373,0.16170284368164226,6.128533568904594
E14001111,0.2895430401816486,0.14805579207720065,0.16285528929976079,0.012386976442444146,0.009041884604468232,0.20818635202530106,0.1699306653691765,6.372146535295787
E14001112,0.22942855275484195,0.15263284024313195,0.1643755038016601,0.01487985011219799,0.00947691771421102,0.2839807411603233,0.14522559421363368,6.433574431929588
E14001113,0.27880637954299115,0.14477846351228793,0.13847413011259319,0.016170062158515273,0.00906939190833278,0.253124516114761,0.15957705665051872,6.0055411772513105
E14001114,0.30392040274309273,0.11271653387243825,0.21459150909739566,0.05819162008958655,0.021385816783604867,0.12460855432671344,0.1645855630871685,10.226493439568717
E14001115,0.29459892325801285,0.12789687976381142,0.08094861354996816,0.022518958763483397,0.012291839530710303,0.30625397989309766,0.15549080524091619,5.311396484186558
E14001116,0.30576262923767544,0.1606711218541163,0.049887266153439906,0.021693648311023543,0.017143669639048568,0.28742052771627635,0.1574211370884199,5.314893055188803
E14001117,0.19535481501881943,0.09541907647112825,0.15083080877627833,0.025355733039566695,0.008023501331130084,0.37954649775084914,0.14546956761222804,6.003534379876985
E14001118,0.3735366745930126,0.11811779769526248,0.12383391256630694,0.01440460947503201,0.010403329065300896,0.20463691238339127,0.1550667642216938,5.77687717212365
E14001119,0.3331356658101074,0.16795150556763525,0.12007203883068679,0.012431090905097626,0.007950627045309789,0.20643078342228371,0.15202828841887944,5.689365487250445
E14001120,0.37928185273495596,0.11808588493590501,0.11459194031964871,0.016242120918813004,0.010056894638683632,0.20918813003139827,0.15255317642059538,5.661134587690928
E14001121,0.171008214794435,0.06173779000565865,0.21994575503912273,0.06513297820445277,0.01832230872797518,0.2803957150383422,0.18345723819001347,9.686237780249371
E14001122,0.20702816530665966,0.17748091603053434,0.09413661489865754,0.006926164780205317,0.008094235325085549,0.30249736772834956,0.20383653593050802,4.690625822584891
E14001123,0.26904828356126154,0.12291065835581605,0.15300648122305952,0.009117127174620895,0.011334387694979377,0.2604738425279871,0.17410921946227556,5.971602009489255
E14001124,0.20818530623845388,0.13400596845246554,0.12355328185937821,0.008936889141521798,0.007263196122084853,0.3606334770183001,0.15742188116779562,4.97978936731246
E14001125,0.10835757791405906,0.0715197689264709,0.18617744940033906,0.05079850137095255,0.006467547146116332,0.4231534001716307,0.15352575507043137,7.334177533122633
E14001126,0.3018264060766408,0.07461380899547666,0.2038704446530682,0.04570282495519331,0.013975420329435863,0.19663736451310063,0.1633737304770846,8.566239225057608
E14001127,0.23005943071629653,0.058648733187363154,0.2197111875716818,0.08640913356271504,0.02643102908977166,0.21324679386925244,0.1654936920029194,11.41213116463351
E14001128,0.22722701149425287,0.1673132183908046,0.207088122605364,0.03417145593869732,0.01889367816091954,0.19295977011494253,0.15234674329501915,9.013888888888888
E14001129,0.2627027027027027,0.10440483036227717,0.08979873490511789,0.02401380103507763,0.019666474985623923,0.33239792984473837,0.16701552616446233,5.889706728004601
E14001130,0.29084339640581913,0.033659788913188174,0.057659028239992395,0.01880764476561757,0.02194542169820291,0.46070172102310547,0.11638299895407436,4.73471522297233
E14001131,0.2889579838808657,0.06349466104815285,0.033301967843554395,0.018205621241255163,0.016262324591907705,0.5110870187783824,0.06869042261588185,3.9848831976434975
E14001132,0.31215977315292925,0.09605993243598046,0.06623374350177662,0.012392571458577655,0.008209203409707514,0.3594720904587702,0.14547268558225832,4.039925784600305
E14001133,0.2752116776349509,0.17276585275847223,0.06654775816470877,0.013059433749513091,0.009143653771244644,0.30614838960985713,0.15712323431125325,4.633895073497755
E14001134,0.3238502301473717,0.13921014969249218,0.040672262406683944,0.014621127141917765,0.011294627315978804,0.36895137895021857,0.1014002243453371,4.228667852860403
E14001135,0.3018312440979873,0.10226452126576184,0.08123021089858722,0.009739478215786843,0.008406317699557464,0.34873257170366806,0.14779565611865128,4.256948173384932
E14001136,0.12406913671049002,0.137537924059943,0.22483221476510068,0.03557966351015905,0.013560724464466305,0.29132573319849225,0.1730946032913487,8.524294382642273
E14001137,0.14277479258024006,0.09692627591460276,0.15051571860910382,0.010355547320527866,0.005311592860230993,0.4571469746567023,0.13696909805859223,4.985125481234431
E14001138,0.14445830778015098,0.11261023114175144,0.2273352084082306,0.02188762239093197,0.01089094254234779,0.3475796730602491,0.13523801467633811,7.608645082157888
E14001139,0.1780160248517796,0.11520466728543557,0.19324531661394503,0.022408273824181237,0.005303733449510351,0.30235069043244367,0.18347129354270453,6.606652397098101
E14001140,0.23233723440518123,0.14968753550732872,0.13037154868764914,0.016520849903420065,0.014521077150323827,0.33482558800136347,0.12173616634473355,6.21605499375071
E14001141,0.1921817159912398,0.1275655561369847,0.12244897959183673,0.039614706281372945,0.022617594046165476,0.36783146306955833,0.12773998488284202,7.478244859197241
E14001142,0.3700500482922118,0.11974273421722714,0.14909122837825972,0.033036263060848184,0.008341382035297216,0.1714154008253578,0.14832294319079814,6.958962595486874
E14001143,0.3227949089020001,0.09913169319826338,0.18527589149875692,0.04373075067720509,0.012301013024602027,0.2062414189765854,0.1305243237225871,8.207957623659505
E14001144,0.26007937712810947,0.12767572491270684,0.16948968747966775,0.01314277039189746,0.0081545902101542,0.2784272051009564,0.14303064477650784,6.241352013706652
E14001145,0.25471756100559345,0.16927899686520376,0.1091646690023972,0.013993894318437929,0.008994611428688508,0.3148114000040978,0.12903886737558137,5.438973917675743
E14001146,0.24809442832849854,0.06483945183555066,0.20306091827548264,0.05859757927378213,0.013984195258577574,0.2684405321596479,0.14298289486846052,8.92337701310393
E14001147,0.21577922627613647,0.14689325319563193,0.14663929569118767,0.021713366629983917,0.008422923897401168,0.3253407263184627,0.13521120799119615,6.224868788622703
E14001148,0.2189321046212224,0.11580159913267381,0.21048470885847223,0.02823327460812215,0.029023806297149568,0.21525048561232327,0.18227402087003658,9.217938293355015
E14001149,0.31995,0.0458,0.04715,0.025416666666666667,0.018683333333333333,0.4655,0.0775,4.7247916666666665
E14001150,0.2360872411817661,0.10737376217366397,0.23844013421720273,0.0315696865537278,0.010577788689745479,0.1949627629102218,0.18098862427367216,8.43118299369834
E14001151,0.2348373699298016,0.09473399092612239,0.1339864117554116,0.034489763672888966,0.035054059544500374,0.331354535810216,0.13554386836105908,8.333690720718687
E14001152,0.41799445265523455,0.08673293786568947,0.10535905897596826,0.03405340837770534,0.022918227279169114,0.18581580385884638,0.14712611098738687,7.168525904480392
E14001153,0.24038405698910162,0.11554617781993456,0.12085019067345477,0.008652896881472735,0.005962175032424166,0.3450318434348323,0.1635726591687799,4.7509146518515655
E14001154,0.17793093580082037,0.13230945340074407,0.12451111323094534,0.06307831727558905,0.00789373271010207,0.28493751788610133,0.20933892969569778,7.397393398836211
E14001155,0.1390403366287356,0.08515259145306879,0.21052869714725245,0.05698708232472909,0.013053412664298804,0.3286428522950931,0.16659502748682217,8.805510938171617
E14001156,0.20159039560536926,0.11252381163336729,0.1626500686661055,0.04713595888893811,0.019669516679218537,0.30558631993975105,0.15084392858725026,8.295585433925487
E14001157,0.22552016566413569,0.10665614830884527,0.13974953160437828,0.0645498471551129,0.010058179666699536,0.25255891923873386,0.20090720836209447,7.868109653880288
E14001158,0.2066969454092083,0.12661412414284443,0.12630243120491585,0.0152506901772197,0.008237599073826698,0.41265918603615637,0.10423902395582865,5.337685902573694
E14001159,0.2609673173941654,0.03776412956057615,0.11506543832711852,0.05920523506616948,0.007476054690356072,0.3848066096366162,0.13471521532499817,6.499277984938218
E14001160,0.19360596192384769,0.10625939378757515,0.033833291583166336,0.0041176102204408815,0.00501002004008016,0.5727392284569138,0.08443449398797595,2.543720253006012
E14001161,0.3154940790128371,0.05465220419942283,0.09274554682057916,0.0246591700666733,0.015683152552492786,0.37870434869141206,0.11806149865658275,5.417852522639069
E14001162,0.12008422485483974,0.071314630878193,0.14888231916115446,0.05244911415020099,0.005827679350022332,0.4809962354042155,0.12044579620137397,6.639141161707467
E14001163,0.2677919708029197,0.09573448905109488,0.15465328467153286,0.03770529197080292,0.016309306569343065,0.3177919708029197,0.11001368613138686,7.482036952554743
E14001164,0.12525541479362484,0.09169958679562276,0.197952140943559,0.05498796712527812,0.014394042591835809,0.39924170185714936,0.11646914589293011,8.585910184806792
E14001165,0.32979692940434185,0.1028439230715304,0.1462155025354614,0.030963007968592995,0.012221625032131424,0.2326315051527119,0.14532750683523007,6.891197158413759
E14001166,0.24392408808487256,0.1059850374064838,0.13629062935880637,0.035927131324231795,0.022000084534426645,0.2964199670315736,0.15945306225960523,7.5072382602814995
E14001167,0.15918976943899935,0.10504993932605246,0.1617100718752917,0.010566601325492392,0.006198077102585644,0.38855596004853915,0.1687295808830393,5.391393633902735
E14001168,0.17443235335377463,0.08585342391631094,0.16477284113910098,0.05725565642598048,0.01745525962444137,0.3685444598088138,0.1316860057315778,8.34836369466322
E14001169,0.139087972074715,0.10379145159493483,0.15033978239073117,0.00857811281518066,0.005625905158008095,0.45519699951724907,0.13737977644918117,4.9690389542872
E14001170,0.22783000825398103,0.11897811688442414,0.18919735067340407,0.034566062045779396,0.008837799206812554,0.2820647031586576,0.13852595977694118,7.508354639341292
E14001171,0.19905673463725898,0.12767374115688723,0.13810514634484672,0.040255236509918156,0.017838812595366904,0.3147177139686503,0.16235261478707172,7.455888472742405
E14001172,0.22735056542810986,0.05492730210016155,0.025121163166397415,0.004927302100161551,0.005864297253634895,0.5986914378029079,0.08311793214862681,2.173626817447496
E14001173,0.1872210953346856,0.10996450304259635,0.21650608519269776,0.026850912778904664,0.018762677484787018,0.31095334685598375,0.12974137931034482,8.332213488843813
E14001174,0.25363084970229816,0.08883757164320294,0.16256746981247566,0.03694841689388459,0.035084302487340714,0.20950420121306548,0.21342718824773246,9.021131267041344
E14001175,0.14735391570928685,0.16209395224971357,0.04378657913479701,0.005341714922738674,0.005063016752856656,0.5448239556560245,0.09153686557458272,3.105239525593782
E14001176,0.33010180222310154,0.06309579481276305,0.09818698514335047,0.03832871686031872,0.03295082556926508,0.2891650778804993,0.14817079751070183,7.623070973776035
E14001177,0.21421251949209177,0.14232568500779683,0.15798618846068166,0.023479616841167297,0.008710180441078191,0.31472488304744933,0.1385609267097349,6.516094898641121
E14001178,0.12947220924801495,0.10366651097617935,0.23187762727697336,0.03900046707146193,0.012540868752919196,0.35913124708080335,0.12431106959364782,8.497022419430172
E14001179,0.2847643630023418,0.08763952752944394,0.19413343361651939,0.046580400335037006,0.02003384557528931,0.23433787456624672,0.1325105553751218,8.950701697406883
E14001180,0.36685557944107877,0.12937267930427984,0.13781512605042018,0.02423294899355091,0.01412937267930428,0.19212429157709596,0.1354700019542701,6.864569083447332
E14001181,0.2825320028222961,0.15204112488660418,0.13730470718677554,0.019191613748614052,0.011793166011490778,0.2720491885898599,0.12508819675435945,6.399808487047676
E14001182,0.274023659050397,0.11886242100145844,0.14456733106465727,0.023375465888834872,0.020499108734402853,0.31088964511424405,0.10778236914600552,7.1596985901798735
E14001183,0.19133653067034578,0.1932636927052537,0.14806298315923178,0.01843943674309616,0.01559249282789129,0.30199505069750127,0.13130981319668003,6.966252764820533
E14001184,0.2951543346123807,0.09630208156473904,0.12132839824781826,0.049492342694149205,0.007928961934191315,0.2700091683928147,0.15978471255390675,6.7481917891948795
E14001185,0.344361350963242,0.09408627216948584,0.1306950635012402,0.04891740176423416,0.011637231681617276,0.2466011450737584,0.12370153484642211,7.312713302623973
E14001186,0.17247396782173471,0.13960534642453065,0.15738201622336856,0.010642990009012983,0.0067309720597541565,0.3513337296488772,0.16183097781272174,5.643277657391605
E14001187,0.13773256859649474,0.10136093846799496,0.14944343412138533,0.010331941085952957,0.005235915985531286,0.47125242310997423,0.12464277863266653,4.977217770139291
E14001188,0.2210862402771645,0.1262864712475799,0.15707686559559797,0.008712339934105499,0.006402635780034646,0.31571617811894975,0.16471926904656772,5.545667606399239
E14001189,0.18457639121845765,0.11869618696186962,0.2153639718215364,0.016605166051660517,0.009299638450929964,0.23713146222371315,0.21832718327183273,7.150145365090015
E14001190,0.3695559013916142,0.062318154137627715,0.16482847283307395,0.02532873221011796,0.017163993955387147,0.233664884859147,0.127139860613032,7.200757832059002
E14001191,0.2045805689357448,0.09651913114605108,0.18436789966372807,0.02871944015268563,0.007888757611560484,0.31013359992729256,0.16779060256293737,6.846178315004999
E14001192,0.16202756949178218,0.1015867605847156,0.20819132015451033,0.04459213815042036,0.01866999924259638,0.334772400212073,0.13015981216390216,8.831042187381655
E14001193,0.3668069502895954,0.08537855743989332,0.14471436309846245,0.023584316013167215,0.013479728322013418,0.24955206466936122,0.11648402016750697,6.5913163048460355
E14001194,0.3815312046444122,0.1001652959200129,0.15314062248024513,0.021931946460248347,0.012054507337526206,0.19498871149814545,0.13618771165940977,6.7191783583293025
E14001195,0.14991735537190082,0.09317591499409682,0.2164344746162928,0.04436835891381346,0.012396694214876033,0.34040141676505314,0.14330578512396694,8.390613931523022
E14001196,0.34171757096658284,0.1259791591807402,0.16215115582704515,0.015810276679841896,0.008360282668583064,0.2008863336926578,0.14509522098454905,6.422445801892443
E14001197,0.16728512330664205,0.08671413099444276,0.18108055323757613,0.024785611561884132,0.01375992045878238,0.4037782078369405,0.12259645260373205,6.9063260124638255
E14001198,0.3225242222353242,0.14081323821315567,0.14987323860621427,0.03221115107206729,0.015191714325020145,0.18139653715386278,0.15798989839435568,7.524713558555902
E14001199,0.16461939767607303,0.1512212473322267,0.2297367797012094,0.057979606355228835,0.017595447000237137,0.2180460042684373,0.16080151766658762,10.15716148921034
E14001200,0.23760827438070556,0.16464710139851976,0.1973570544698933,0.03184609278326446,0.014078587938642572,0.1808736662697579,0.17358922275921645,8.335376246176835
E14001201,0.14464621164683783,0.09537278949754928,0.13894586833070627,0.03554077688769892,0.005570790058946732,0.4257767797378706,0.15414678384039038,5.90082698162503
E14001202,0.2176201474638003,0.08719019276894377,0.2248822954606023,0.02633916674069468,0.027183086079772587,0.23307719641112196,0.1837079150750644,9.055532113351692
E14001203,0.20529091974697358,0.11091125886703987,0.18742547644550434,0.04947353529637639,0.012226915381661648,0.2887977203370991,0.14587417392534507,8.298033588650188
E14001204,0.3159145979060943,0.19487495999634252,0.11715356832624697,0.013212636583916243,0.00978375165729438,0.18335390664289306,0.16570657888721255,5.971688840122526
E14001205,0.15978390097209594,0.1635603888383803,0.05818588712497377,0.005157703335897615,0.005804601720400028,0.4973599552416253,0.11014756276662703,3.4863451989649623
E14001206,0.21983933699247574,0.06608265784595253,0.1772200210824761,0.06644614881320199,0.009796081567373051,0.29806259314456035,0.16255316055396024,8.36338191995929
E14001207,0.18059844846693757,0.1291614333210196,0.08534909493904691,0.006117473217584041,0.005984484669375693,0.46517916512744734,0.12760990025858884,3.8812338381972666
E14001208,0.19541313755535722,0.1470860626062943,0.15707141293549093,0.008436189738494956,0.007392190209978615,0.2839510330543722,0.2006499739000118,5.7041103271759805
E14001209,0.2403951896129696,0.15860796764695448,0.1199404022845791,0.009134768881478591,0.00801731171733655,0.3167370250807052,0.14716733477597643,5.241805314129625
E14001210,0.21716387882968327,0.09011132187541913,0.09390507941982335,0.030426701921787282,0.010538215401122798,0.43509417332490274,0.1227606292272614,5.30910501810657
E14001211,0.23190828131937008,0.1118278446632368,0.2652320388603066,0.028492335013449634,0.014990467733932256,0.20477396777310594,0.14277506463659867,9.204512809798647
E14001212,0.15056160868284885,0.08058138067393042,0.17628623112195532,0.043245971982667955,0.009402212780278491,0.3927684994320811,0.14715409532623785,7.204734760843044
E14001213,0.22512176845260398,0.14025852379168227,0.18810415886099663,0.014462345447733234,0.011371300112401648,0.20683776695391531,0.2138441363806669,6.937336080929187
E14001214,0.13173707210487984,0.07875091041514931,0.1832438091769847,0.04882101238164603,0.018344865258557903,0.3933448652585579,0.14575746540422432,8.249385469774216
E14001215,0.11890401873613961,0.10466538166594126,0.15950589649526414,0.029700097411345314,0.004870567265642811,0.42966693610230267,0.15268710232336422,5.998518104002155
E14001216,0.3462218795355588,0.09157293178519593,0.09143686502177069,0.023403483309143686,0.029503809869375907,0.23888788098693758,0.17897314949201742,6.7945505261248185
E14001217,0.17876635952814132,0.08942230569086605,0.1720171371559364,0.06428389772482736,0.02441457832032396,0.33161179255433615,0.1394839290255688,9.403867597863725
E14001218,0.257172929165351,0.10295758341227239,0.11520892537627618,0.024186927691821913,0.011388274918429638,0.3163245974107989,0.17276076202505,5.718766445637302
E14001219,0.39795126847964957,0.04583409381273955,0.10567621828800876,0.030845044716189086,0.017430187990509216,0.2309956196386202,0.17126756707428362,6.2346002920240915
E14001220,0.1873697066689128,0.14839225926003916,0.12078586620059382,0.025100549600960222,0.01242392975215313,0.3495125186885384,0.15641516982880246,6.120522647349913
E14001221,0.23496364217132334,0.11766032205332481,0.163018357415306,0.01142406193044099,0.008135886210330508,0.27571823152514985,0.1890794986941245,5.895182352830649
E14001222,0.2490368555840107,0.1800690346286605,0.17775303418327582,0.02658946665182051,0.011669079167130609,0.22572096648480125,0.12916156330030062,7.6582229150428685
E14001223,0.15557434704898815,0.11744469855668518,0.1447927276920416,0.011896296581015894,0.006880249072703861,0.4112198028174428,0.15219187823112257,5.251378932600465
E14001224,0.12370562130177515,0.1115939349112426,0.20841346153846155,0.038683431952662724,0.014792899408284023,0.3702292899408284,0.13258136094674555,8.238674186390533
E14001225,0.22330276586303802,0.11226149977813933,0.18113074988906966,0.013052802839816595,0.0077281467238574176,0.2913400384558497,0.17118399645022925,6.228461026475373
E14001226,0.12340213381194536,0.10443713231628278,0.19329943164822017,0.01575431249376807,0.0055638647921029015,0.39000897397547113,0.16753415096220958,6.111825705454183
E14001227,0.18114654976948077,0.09568437759806515,0.12519839770236565,0.010978006197566321,0.004402539490590281,0.45353714760789055,0.12905298163404127,4.520680598594211
E14001228,0.24914317539199726,0.15898380601490875,0.18494559163739183,0.015958358324051066,0.011160140519235712,0.23601233827435525,0.14379658983806015,7.125085682460801
E14001229,0.19036383754230668,0.13450273366310855,0.20204699297058057,0.01593009632908097,0.011162457693309034,0.26643452225982817,0.179559359541786,7.135470906014058
E14001230,0.14863554508934756,0.08974333603783666,0.11329230403894484,0.008271822373498506,0.004610848356519502,0.5278135080046702,0.10763263609918271,4.0516098391150335
E14001231,0.4107593535532433,0.05156077042284702,0.06309497454062431,0.02125304405578924,0.018950630949745407,0.3059774186406907,0.12840380783705999,5.147941111357095
E14001232,0.2588049652850831,0.10784767515253524,0.14458236903008626,0.02230170418682937,0.020997264885335577,0.29646539027982327,0.14900063118030718,7.030875236692614
E14001233,0.20747655691518438,0.1429923047811278,0.14448509314158361,0.020436482906522013,0.014696606534628485,0.30490727892014635,0.16500567680080735,6.576205794541861
E14001234,0.13225971894553287,0.06917632577700276,0.16309365063083392,0.049666632475125656,0.013252641296543235,0.42904913324443533,0.1435018976305262,7.406554518412144
E14001235,0.17160935702415953,0.09288849120115898,0.17587029698751544,0.05351740593975031,0.017043759853423664,0.3101325152328604,0.17893817376113172,8.414877071882056
E14001236,0.26095312550897426,0.17492426463402716,0.1414541190266784,0.012866868627642594,0.010374930779504219,0.2222547965731783,0.17717189484999513,6.202400729665461
E14001237,0.2174286942812097,0.17457359896803784,0.0697291099326358,0.01866848215565429,0.010695857818546654,0.3884728393292246,0.12043141751469112,4.9432062491041995
E14001238,0.1510616717380822,0.1397382817046607,0.09140187226683959,0.0055369880780166605,0.0052709466088026475,0.4785587203405331,0.12843151926306512,3.924568929681914
E14001239,0.23853048409965566,0.06471541421916144,0.17639760988454528,0.035421308486935386,0.029724529066234556,0.27866113024103706,0.17654952400243062,8.581565221794612
E14001240,0.15158494598124184,0.09929953698207289,0.22732992995369822,0.04658672681942301,0.015315208358067198,0.2869049032411255,0.17297874866437135,8.991926866912026
E14001241,0.19158113608210936,0.09872146522739338,0.19691205096443107,0.029972571226331624,0.011059989382410193,0.30591930631746594,0.16583348079985843,7.391169704477083
E14001242,0.23201015896905278,0.13592324334493464,0.13775750164612924,0.029018906970181543,0.014250776032358197,0.3161273633712727,0.13491204966607093,6.8005126516790515
E14001243,0.16717296373647236,0.10162331498006455,0.23473988988038733,0.06142016328080501,0.020789823428896907,0.2598727928612113,0.15438105183216252,10.30199829124739
E14001244,0.3311867942496939,0.14613849712031202,0.09890707904403429,0.011405378440887034,0.011405378440887034,0.280690218130697,0.12026665457348873,5.32781960001814
E14001245,0.24887956909666542,0.17433493688581883,0.09693269191233914,0.015994408124665925,0.010464207886188891,0.30512725628058057,0.1482669298137412,5.425249784137165
E14001246,0.24723016253886118,0.09650092849542012,0.1293425417822939,0.06555803618002379,0.010724643729004528,0.2626494460325078,0.1879942412418887,7.736766332130114
E14001247,0.17265967677620622,0.09966457908193184,0.2086411934417001,0.04238500691952243,0.01688832594469073,0.29542842399080527,0.16433279384514343,8.610348790842774
E14001248,0.34504042423715553,0.11445709814830914,0.12029905242110754,0.02675823698165696,0.013526906024515345,0.23430409458402157,0.14561418760323394,6.413283491263149
E14001249,0.13751674569927913,0.0977310906500521,0.12954260318540414,0.043209220235184045,0.005954026410360006,0.44969910902247645,0.13634720479724413,6.088364131243753
E14001250,0.1797929524188732,0.08940871988851284,0.2270953613378459,0.08058928926936094,0.018475014931315946,0.27535337447740393,0.12928528767668723,10.766474218594464
E14001251,0.2804263946112092,0.18529418176269266,0.09838031085823905,0.015891701000588582,0.01205502147232577,0.23990146709393326,0.16805092320101148,5.737906829725547
E14001252,0.2985658118130641,0.15700116164775266,0.09724332052542221,0.015481190242158877,0.019077830399428113,0.2464703779823072,0.16616030738986687,6.091669645250647
E14001253,0.2518262289446545,0.05231608800275009,0.1852870402200069,0.07627191474733586,0.02311790993468546,0.26454537641801307,0.14663544173255413,10.00934599518735
E14001254,0.1938867788026768,0.10622776873455116,0.17608167038443762,0.05902212576113824,0.010751391652097023,0.2619923233053998,0.19203794135969937,8.31916561162356
E14001255,0.49720329945371844,0.09140966766056544,0.08644742855899189,0.02644351100180643,0.01743312947526498,0.11861492589287657,0.1624480379567763,6.2421376803708615
E14001256,0.3203364286061549,0.09322281102630171,0.14592347707715494,0.07168554621031649,0.022898536632796927,0.16561330157032428,0.18031989887695074,9.476214205843744
E14001257,0.13983458054352108,0.11873966128397007,0.1207877116975187,0.009657345411579362,0.006285939346199291,0.49917290271760534,0.10552185899960614,4.593343836155967
E14001258,0.22602739726027396,0.06271986094441916,0.10542978934734926,0.03559160700244175,0.007863262012167364,0.447419608492323,0.11494847494102553,5.374746513264082
E14001259,0.2406727237579741,0.12639052422543626,0.04570936505983867,0.005430293657627893,0.005307277296451857,0.46187371491836987,0.11461610108430136,3.132743440591884
E14001260,0.22164720525376264,0.1048787278295475,0.04292428882592817,0.004880365536103241,0.005846612403989453,0.5175644028103045,0.10225839734036456,2.8865396898183784
E14001261,0.273614565247994,0.1769039463188025,0.1391769508704425,0.014358781849748956,0.00961944535685796,0.23093707475012903,0.15538923560602505,6.210055839707193
E14001262,0.32131630861280325,0.1266882004812591,0.12523575191311323,0.014394415660430532,0.008779726419389105,0.2581239567300397,0.14546164018296517,5.608294131674219
E14001263,0.1729690540695234,0.13017514404548403,0.14183233487236235,0.019861105811424428,0.014022970961956729,0.37135116571908267,0.14978822452016638,6.260970351432824
E14001264,0.18532473649164408,0.11769769217026943,0.05646955646143602,0.005050915173858672,0.00544069640914037,0.5304922612183912,0.09952414207526027,3.137982557289721
E14001265,0.1494803639071454,0.11158416162139412,0.03637452649982193,0.0037394373037200118,0.004743095800822352,0.6155987956098035,0.07847961925729272,2.4857949946579465
E14001266,0.2234798798290526,0.1406084712055177,0.14189903947869503,0.032158422544746754,0.015888799559937376,0.32179579401684083,0.12416959336520966,7.169477002496508
E14001267,0.28089458264334977,0.0823794879260459,0.1618473968664131,0.04720397430531545,0.006259894819209143,0.2396229505213546,0.181791712918312,7.182000982657907
E14001268,0.1148286467486819,0.0844683655536028,0.10757908611599297,0.05118629173989455,0.005492091388400703,0.5339191564147627,0.10252636203866432,5.814916520210896
E14001269,0.31944890745501286,0.06215857969151671,0.11548039845758355,0.023859254498714653,0.01363672879177378,0.3512009961439589,0.11421513496143959,5.73902434125964
E14001270,0.1736794828891981,0.11184106240202898,0.16096306603025873,0.0135442168483717,0.009792697747327262,0.31831551508533384,0.21186395899748137,5.885173573806295
E14001271,0.18719253894506696,0.11522957092101667,0.16356928122437825,0.010112052473353375,0.009223831647991254,0.3465086089095381,0.16816411587865537,5.79653764689806
E14001272,0.3490688495059472,0.08368433600890089,0.1960846644944237,0.024848340353386844,0.01883493602479536,0.17404434554557738,0.15343452806696867,8.046968131606135
E14001273,0.18276144534449804,0.09754710111950488,0.17775552926185492,0.03533721671065805,0.030376808956038955,0.3016519523072722,0.17456994630017292,8.763936925457358
E14001274,0.3298552096555582,0.06710268711946817,0.08517458746584626,0.03162582560616166,0.02076117123125578,0.2743486585916826,0.19113186033002733,6.1154557776295695
E14001275,0.244806669945432,0.14065903182744327,0.1306822173821401,0.02461415958219162,0.01601911051781072,0.25368275603644114,0.18953605470854118,6.669769783835687
E14001276,0.2514306909707503,0.1640702274975272,0.14803235834393105,0.014077292638123498,0.009820545428854034,0.2270206302105412,0.18554825491027271,6.238872403560831
E14001277,0.23790653183930036,0.13689988157055663,0.13368862166347817,0.01316388812972579,0.007606814247973034,0.33360663204882934,0.13712763050013665,5.496207980322493
E14001278,0.21658602670795432,0.07168569769692278,0.1528933617185988,0.04420359976775692,0.006173795239016838,0.3405651248306561,0.16789239403909426,6.620040642539191
E14001279,0.16270074967768636,0.13070813503748388,0.15415346904993077,0.008786031483279482,0.007926528403393446,0.35885845257612176,0.17686663377210435,5.499625956993013
E14001280,0.12284101799595357,0.08288787136620168,0.16341177723352146,0.03716324140134171,0.013502289426046215,0.4483441593014588,0.13184964327547652,6.9495261420509
E14001281,0.3504693978388365,0.07549034350899053,0.13218329072590174,0.038346688435841804,0.02438290833315431,0.2209070012245161,0.15822036993275904,7.762250531697781
E14001282,0.19301316157938953,0.13733314664426396,0.16297955754690563,0.03404741902361617,0.027093251190142817,0.2589610753290395,0.1865723886866424,8.471716605992718
E14001283,0.16897390413839766,0.0859682168132692,0.14033611908637053,0.057879048333119985,0.004882687489713439,0.4114258544703107,0.13053416966881845,6.8690909423403985
E14001284,0.14756357988740051,0.11174529217627645,0.168899242865463,0.013162492719860221,0.00611531741409435,0.40209668025626094,0.15041739468064452,5.666521063871092
E14001285,0.12790614150604573,0.07903747156710164,0.22176463546031366,0.0687178259308033,0.021836465940380703,0.3411468933317371,0.13959056626361785,10.187058541841255
E14001286,0.2899168327720118,0.17595711045432677,0.1339840080647009,0.018626709739500997,0.010562008843677686,0.2107819552317456,0.16017137489403624,6.407313217403257
E14001287,0.23485901286591654,0.09216837763930605,0.1959474604384274,0.03458555610346528,0.011027928452951988,0.29078316223606937,0.14062850226386336,7.635943874120231
E14001288,0.20055744558757224,0.09761446079435997,0.22258884289051933,0.03174570643931631,0.011497315243677501,0.2995655203508628,0.13643070869369184,8.033620937000451
E14001289,0.13438812004353912,0.09322033898305085,0.14579769864717773,0.0639675011662261,0.010845902658995491,0.42215440833462914,0.12962603016638158,7.697286580625097
E14001290,0.2626020663222796,0.07169638393601066,0.03130728211964673,0.0047908681886352274,0.007040493251124813,0.5161639726712215,0.10639893351108148,2.5992022162972837
E14001291,0.1758570423243189,0.08072785764552126,0.22514325927415302,0.038981602493214036,0.018623705639891425,0.2946365738413592,0.16602995878154217,8.792035287021212
E14001292,0.15659694049197523,0.09257683402267915,0.18685559359601037,0.021808394846727752,0.006293166571015812,0.3609863252260988,0.17488274524549285,6.307761572104253
E14001293,0.1250448510943667,0.14219590958019376,0.06643344097595981,0.0052206673842841765,0.004772156440617151,0.5454790096878364,0.11085396483674202,3.3244528166487264
E14001294,0.16106760488782962,0.07038550296977263,0.16895547232625885,0.04711913138879431,0.007641962698142473,0.4100556123028033,0.13477471342639882,7.0413876593651885
E14001295,0.23959411886518947,0.19231034720784151,0.16002853132693678,0.014518763949287868,0.01219484135201675,0.2350153010745266,0.14633809622420102,6.870815213639815
E14001296,0.26210602922241505,0.06324059041967568,0.06372576461587266,0.02110507753456866,0.0177835003452201,0.44367314187613127,0.12836589598611656,4.776493310194256
E14001297,0.33181267217630855,0.12114600550964187,0.13322314049586778,0.019173553719008266,0.009829201101928375,0.24418732782369146,0.1406280991735537,6.0517355371900825
E14001298,0.18495648190563443,0.08390288593678424,0.18321575813101237,0.045881814017407235,0.02173156207054512,0.35311039853412735,0.12720109940448923,8.55918460833715
E14001299,0.29536783408334966,0.1768734102915281,0.15518000391312856,0.025924476619056936,0.008584425748385834,0.18350127176677755,0.15456857757777342,7.0219257483858355
E14001300,0.15101642190551978,0.12495478550242349,0.18736887795702814,0.01620487593141865,0.010073790060044854,0.3301924329016856,0.18018881574187948,6.597202126889965
E14001301,0.19186428310835463,0.11887997081357168,0.19005837285662167,0.01743889091572419,0.009631521342575703,0.27592119664356074,0.19620576431959139,6.727699744618753
E14001302,0.3592492812844667,0.07707885077838249,0.10812374563798434,0.03240096190355651,0.016941797602473465,0.25472363353644206,0.15148172925669445,6.452076590666643
E14001303,0.22102591988399492,0.15907195939822366,0.18060540148631501,0.014246873300706906,0.0151531629508791,0.2300163132137031,0.17988036976617727,7.2110748595251035
E14001304,0.31065527817168487,0.14457672393892426,0.14127889720674075,0.009926458463872308,0.012004089305147908,0.21686508590838638,0.16469346700524354,6.093559344392045
E14001305,0.19046656219986857,0.11735665301858499,0.03936039360393604,0.00401017708807225,0.0045662100456621,0.5537414278252372,0.0904985762186389,2.6893039478339986
E14001306,0.23029120482717913,0.06702957958942743,0.0320390896569817,0.0042303403948317705,0.00554207385059356,0.5714238866662295,0.089443825014757,2.352962877943202
E14001307,0.28409342620166866,0.23016908272009057,0.08424601904949423,0.01159213408481209,0.012773498067977652,0.2322610814402796,0.1448647584356772,5.664947946149492
E14001308,0.23702414219616108,0.12492555774428513,0.1910531861285446,0.017339319254203123,0.00943698749370104,0.27747491868615143,0.1427458884969536,6.885794127078657
E14001309,0.10803581297667735,0.11128550900851111,0.18571902288051287,0.03360229910467558,0.015054714269923731,0.43574665635017135,0.11055598540952802,7.535591908920083
E14001310,0.20458527155198453,0.08595118709599468,0.029088382770494775,0.004032501661330273,0.005844861958557361,0.5771159306470126,0.09338186431462575,2.386916268954268
E14001311,0.2585160478976434,0.11595312300654309,0.19126250751818033,0.0386024386243097,0.017132338199646418,0.23722820638999764,0.14130533836367945,8.448885486722437
E14001312,0.20135792805363645,0.09478269747813362,0.1152026682095089,0.008474287853520744,0.005156042609672259,0.4502093046999966,0.12481707109553143,4.3121447775924855
E14001313,0.42613828373172324,0.1963187419740014,0.08232140041002996,0.017752945682294366,0.016356140311352425,0.1199900871876901,0.14112240070290852,6.291538062946358
E14001314,0.38269020037570445,0.19522933625547903,0.070092360676268,0.034791797119599246,0.017395898559799623,0.16840169067000627,0.1313987163431434,6.78009549154665
E14001315,0.38149264675927813,0.17682405181895955,0.08889069947447753,0.032366480628997434,0.015439768607161772,0.16511182629241863,0.13987452641870696,6.749399111907769
E14001316,0.1935807667825491,0.16021152622043774,0.1890515595162317,0.022841893943103365,0.009548058561425843,0.27963570484257944,0.14513049013367282,7.258299466288009
E14001317,0.2528732862684625,0.1905886321470737,0.15379611112449704,0.016818061344963015,0.010192034310772716,0.2077922077922078,0.16793966701202323,6.7096956846493025
E14001318,0.28308251788405864,0.09127449338469268,0.13867023949087254,0.04191688398688901,0.020647414886235855,0.2832499940187095,0.14115845634854177,7.703722755221666
E14001319,0.3031105535809696,0.10432782772318629,0.08135293980997514,0.01512300508746254,0.027435129044997328,0.3733593514066021,0.09529119334680698,6.042639440611425
E14001320,0.2564107849604222,0.1513027704485488,0.13852242744063326,0.014759234828496042,0.01152292216358839,0.2679130936675462,0.15956876649076518,6.1322456299472305
E14001321,0.23465876921736858,0.1130830538739602,0.09864552937589827,0.013958451286964853,0.010408954313836505,0.42798658595008926,0.10125865598188233,4.8685270676364265
E14001322,0.15474651090203773,0.141659606724038,0.16881437552949569,0.01186070361617693,0.007758505372987916,0.40460159629018594,0.11055870156507781,5.980012930842288
E14001323,0.36579934996139274,0.11713264738099086,0.0915979816480813,0.01434753721560811,0.013808831187487654,0.2581658855429259,0.13914776706351345,5.3752985329239165
E14001324,0.2204700061842919,0.19758812615955473,0.09960832817975675,0.013605442176870748,0.008946608946608947,0.32086167800453513,0.13891981034838177,5.353226138940425
E14001325,0.24973340989254367,0.19844557460421622,0.09215814945451563,0.010458534984824871,0.008633418095316217,0.3092445246493315,0.13132638831925192,5.11714584529571
E14001326,0.44062464679953284,0.12500470933956223,0.10477338658026598,0.03196699694834797,0.013770108879930678,0.1745092868176167,0.10935086463474362,6.674688241720981
E14001327,0.4119488091920513,0.10443953782503376,0.08190958005530666,0.03271238397393299,0.01774957662543677,0.23839739329889173,0.11284271902934682,6.34338356663594
E14001328,0.41767060997481836,0.12737549593289735,0.10366129821192413,0.038949980977916264,0.015217666986720774,0.1656732911828113,0.13145165673291181,7.042881211616153
E14001329,0.22101257380490005,0.15172914337276133,0.20294631122619117,0.016712764079326783,0.00949410541595559,0.22756429117872065,0.1705408109221444,7.261029051177936
E14001330,0.18164573678776383,0.08137440872091627,0.18090138545393425,0.030230268686820178,0.017720364011813577,0.34461065622974046,0.16351718010901145,7.4604413283069615
E14001331,0.17870401323081794,0.136548375178141,0.13500008797086405,0.008005348628534229,0.006685785667786829,0.38165279659376816,0.1534035927300878,5.06597814803737
E14001332,0.15851284305721283,0.1587640520002512,0.08024555674182,0.007300759907052691,0.006421528606418389,0.47899265213841613,0.10976260754882874,4.034180116812158
E14001333,0.14297833102812357,0.13617335177501153,0.07144306131857998,0.00566159520516367,0.0044444444444444444,0.5334993084370677,0.10579990779160904,3.4179345320424157
E14001334,0.15078181938647056,0.1418372755582058,0.129695885509839,0.009375207049625654,0.0076856821042867556,0.3895017557808256,0.1711223746107467,5.071390710925595
E14001335,0.15254237288135594,0.11849097867687261,0.22401312192454895,0.034117003827227994,0.010978676872607982,0.3171350464734828,0.14272279934390378,8.163860032804811
E14001336,0.3667772352875405,0.10497186090715963,0.11374902165405687,0.03345011367448101,0.025586075807834223,0.212273116916999,0.14319257575192873,7.53135365808207
E14001337,0.2476359621753948,0.1909230547688763,0.11568185090961455,0.01586425382806125,0.007992127874045985,0.29762876206019295,0.12427398838381414,5.717911486583786
E14001338,0.367293159396302,0.129450965873206,0.08974889474486573,0.019796589498442842,0.016704052965132738,0.2498856632619727,0.12712067426007798,5.911263802077661
E14001339,0.30947488584474886,0.19077625570776255,0.10438356164383561,0.013515981735159817,0.009269406392694064,0.20518264840182648,0.16739726027397261,5.64195205479452
E14001340,0.29483766750847495,0.15452870111255204,0.08240620662980912,0.018519782494937773,0.013878461083430027,0.3174754851773485,0.11835369599344754,5.487850658658112
E14001341,0.28186689554385397,0.22540536778862882,0.07752441485536662,0.015333225080609617,0.009162819828806049,0.22990558816024495,0.16080168874248996,5.3687165093136
E14001342,0.2587256726637715,0.09269088486018244,0.18326784770570528,0.020380965510902783,0.01737092438133315,0.30766756278578156,0.11989614209232324,7.31417017072218
E14001343,0.20715815549763889,0.07349108456119527,0.22782752303047507,0.08229040332361366,0.02237246148685263,0.21324800660594018,0.17361236549428433,11.11849405207339
E14001344,0.30669529871922696,0.07687194825779073,0.1491934453051103,0.07740879924329576,0.02712375693432523,0.18677301429046195,0.17593373724978909,9.98044328552803
E14001345,0.31608840351541484,0.07521074553099902,0.12883875724904842,0.05938739313258534,0.010362900815082007,0.2297973255744435,0.1803144741824269,7.4325415014248994
E14001346,0.26064282480760526,0.10142145767315527,0.1612675418741512,0.05725667722951562,0.011190583974649162,0.21866908103214125,0.18955183340878226,8.109416025350837
E14001347,0.23943206791054422,0.07508510363252467,0.15796957814452536,0.027793338216917308,0.009630714870513207,0.37697677424914894,0.11311242297582626,6.3422674193131385
E14001348,0.1552475923257754,0.07605975582012588,0.12512322742094487,0.03167892621521195,0.006464700083415485,0.48938348373398044,0.11604231440054599,5.403759384242057
E14001349,0.2353932687198842,0.07663839064876056,0.14803686264451,0.05578864440006596,0.010076766640406002,0.30862388010479835,0.1654421868415749,7.440638683791063
E14001350,0.24534206544942075,0.16275310356262046,0.17626577687509068,0.0205798843547284,0.009243331744419804,0.21740482062547928,0.16841101738824066,7.024880313361382
E14001351,0.13263122205505287,0.08359644847534488,0.19948719035409293,0.05700239452437965,0.013180479328685555,0.3371405564620373,0.17696170880040685,8.567841325676506
E14001352,0.28334428952011903,0.127097533128049,0.09099401446216655,0.018994568037919938,0.012922533993011106,0.35612220184755905,0.11052485901117531,5.370030792651282
E14001353,0.3340180470985254,0.11243978186975766,0.07940234269923947,0.019171985425378426,0.018658450101484363,0.3148216076101044,0.12148778519551023,5.621805688015064
E14001354,0.200369185859323,0.16980403099444075,0.06553049002983537,0.01674214943441585,0.009959432484062761,0.4520594990233746,0.08553521217454764,4.635214320977054
E14001355,0.30614044079958996,0.1585033316248078,0.17131727319323423,0.025381855458739108,0.013470015376729882,0.17016914402870323,0.15501793951819579,7.600256278831369
E14001356,0.17619079822366493,0.10053876152476274,0.16372489348752284,0.048240571673316655,0.016748946146389845,0.35093888776177273,0.14361714118257027,7.979756993755776
E14001357,0.21396270295878375,0.11632714587191524,0.19529264826219905,0.039881131831689565,0.013458805288772127,0.2781988888410354,0.14287867694560488,8.184568672208105
E14001358,0.18660792142824362,0.1500068842076277,0.16561108816375236,0.01459452017072835,0.01372252053788609,0.35586763963467805,0.11358942585708386,6.658348249116527
E14001359,0.11259332023575638,0.09776031434184676,0.20241650294695482,0.04237721021611002,0.019646365422396856,0.3833005893909627,0.1419056974459725,8.541699410609036
E14001360,0.0951545087153529,0.08709229701596113,0.16655100624566274,0.06088500632730538,0.014267053108543903,0.4456259950197983,0.1304241335673756,8.1032881577336
E14001361,0.2239903660057632,0.10915659541525095,0.18448668874457014,0.041869166917551937,0.010064083265235904,0.30334179175089243,0.12709130790073545,7.757623328028902
E14001362,0.195600773805259,0.16197368106804233,0.17324639965608654,0.017649447111365863,0.012634042654820758,0.3174512192209405,0.12144443648348499,6.973681068042321
E14001363,0.2138089183543729,0.15359640359640359,0.12417128326219236,0.038756697847606936,0.013872491145218418,0.3000862773590046,0.15570792843520118,7.023771682862591
E14001364,0.1910580449689045,0.1781414447456546,0.13981023760165842,0.031095519055971934,0.011341891245415405,0.30730744697815343,0.14124541540424174,6.916560357199809
E14001365,0.162729184093324,0.07345194764090159,0.2612529107227635,0.0600004521511089,0.018967739018379944,0.24940655166956796,0.17419121470395407,10.400210250265637
E14001366,0.19224821973550357,0.07216683621566633,0.148646998982706,0.03314343845371312,0.012838250254323499,0.4194506612410987,0.12150559511698882,6.513326551373347
E14001367,0.41913353115727003,0.1303738872403561,0.08602967359050445,0.02884272997032641,0.01880118694362018,0.15456379821958457,0.16225519287833828,6.548249258160238
E14001368,0.22924459684123025,0.1873181629260183,0.184071072319202,0.02966541978387365,0.0205475893599335,0.1882013715710723,0.16095178719866998,8.638170199501248
E14001369,0.28828982451788926,0.1292242822595647,0.06769702982575805,0.021718236497798724,0.025004650585973832,0.362482172753767,0.10558380355924847,6.021539964035469
E14001370,0.1852813145040976,0.15824324048149435,0.09858780732051256,0.0229302487175819,0.022950685659397927,0.38860844863174676,0.1233982546851689,6.489699781324723
E14001371,0.21775982888246845,0.12995035676089836,0.12924800868357622,0.00788545341357128,0.007055405685826935,0.31658339585295386,0.1915175507207049,5.023265280061295
E14001372,0.25434385002286236,0.13936899862825788,0.13671696387745771,0.04983996342021033,0.019478737997256516,0.23763145861911295,0.16262002743484225,8.21656378600823
E14001373,0.19431335535630015,0.13152430391694195,0.16764983482774895,0.028338839075035396,0.016446436998584238,0.2991269466729589,0.16260028315243039,7.4161750825861255
E14001374,0.19750571263386835,0.0933568262533381,0.18707155245987392,0.026154227349062576,0.01847314373812736,0.3106296286099716,0.16680890895575806,7.59016325744019
E14001375,0.23367192918043486,0.056133480194182676,0.20368783910578062,0.04956553665402032,0.017704891282176803,0.30114633051850037,0.13808999306490433,8.72577815852813
E14001376,0.22581029079224024,0.06894910144007617,0.12500495893997698,0.035208473836632684,0.01424207561391677,0.3994723687864482,0.13131273059070894,6.305490538342524
E14001377,0.31592099476230456,0.15974971012754388,0.09777697812962297,0.011914757506697054,0.016752628843308946,0.24427252009115988,0.15361241053936267,5.819839270720883
E14001378,0.3347211311861744,0.16249018067556953,0.06763550667714062,0.011468970934799686,0.015691280439905735,0.2810094265514533,0.1269835035349568,5.179595443833465
E14001379,0.2725665536026313,0.15014903895569945,0.08208448967005859,0.015335594614040498,0.017391304347826087,0.37087059307225817,0.09160242573748587,5.530630075033406
E14001380,0.3532833597389392,0.13932701175246517,0.10593771429922674,0.023788692094871007,0.01766416798694696,0.22596892809004707,0.13403012603750383,6.530539856700324
E14001381,0.22856337631226661,0.12884285680734633,0.18304798139928133,0.024824443974729327,0.014936940745437891,0.25529016651400926,0.16449423424692924,7.510744733319242
E14001382,0.191784743094318,0.14407709555841802,0.26489671294308476,0.036520204188731455,0.0142168789656982,0.21599637421878728,0.13250799103096225,9.638733839034398
E14001383,0.2262389931794666,0.16873957387503433,0.23082120911375298,0.018265515129759064,0.01169837616403066,0.1947758515108643,0.14946048102709208,8.205386743248095
E14001384,0.14067306970811136,0.09021160051024237,0.17820964958355218,0.054813536429804154,0.023692503939371203,0.36960681323628725,0.1427928265926315,8.954472124259024
E14001385,0.20888292549804421,0.08166560538524516,0.16014736650595834,0.0746156645137815,0.038319839898116985,0.2477713090148276,0.1885972891840262,10.760938779223142
E14001386,0.1427683151606671,0.13035464457817947,0.14114720969998445,0.04483577979614044,0.017676711598676467,0.38115964557749105,0.142057693588861,7.589271834958139
E14001387,0.2875583995748732,0.09642849234993246,0.16039678497885437,0.026614706728959547,0.020636361623452826,0.24261010118902643,0.16575515355490114,7.498616123818169
E14001388,0.16487696268293248,0.08296031727624835,0.19484194169353156,0.07498202565113528,0.01755688011689125,0.28956096203353665,0.17522091054572442,9.709975183802213
E14001389,0.17083094007275512,0.15453283553513306,0.24188684663986215,0.028838789967451657,0.01155944859276278,0.24143212713000192,0.15091901206203331,8.6463119854489765
E14001390,0.24114800033964506,0.07843678356117857,0.22911182813959413,0.06190031417169058,0.020378704254054514,0.2008788316209561,0.16814553791288103,10.189192918400273
E14001391,0.18685744065949686,0.1716255270763254,0.1971857677547733,0.02887667598427062,0.01293409769270858,0.24979864499928933,0.15272184583313592,8.032228644525514
E14001392,0.1268280284664112,0.11300539610541957,0.1206303276765465,0.04074450613904747,0.011359192930319856,0.47436849925705793,0.11306404942519746,6.31945530617033
E14001393,0.16242619220432744,0.07130666771289013,0.16354434352747318,0.06045863820938855,0.008749043686368363,0.395688251564431,0.13782686309512132,7.632314573238912
E14001394,0.16750429416629556,0.15017918866764213,0.1556926861335539,0.011281464045634794,0.008736772907521683,0.35095531946476666,0.15565027461458533,5.865566087749433
E14001395,0.16242106517335875,0.10110806624568093,0.21282020731562015,0.04327415703562493,0.023328964613368284,0.29393542237578935,0.1631121172405576,9.234421541760991
E14001396,0.1663530842041277,0.09433525342287319,0.216574521666136,0.05531594639187194,0.021043795409152747,0.2511071873100414,0.19527021159579702,9.627608764871045
E14001397,0.19739392084863322,0.06446348429212566,0.18780599755201957,0.08042635658914729,0.042253161974704204,0.2658608731130151,0.16179620563035496,11.73251988984088
E14001398,0.21046970240229473,0.08339484951384642,0.22120515470440597,0.07067681859405649,0.03060342100267859,0.22953620315103454,0.15411385063168329,11.204469238394534
E14001399,0.14803328796769372,0.10789585239062047,0.1873005957029071,0.014613685549184534,0.01028535731018942,0.4038508734744874,0.12802034760491734,6.405758461435488
E14001400,0.21261849400822752,0.15688159542121266,0.19734841709890896,0.02935521373636201,0.011402253621892327,0.2488821319978537,0.14351189411554283,7.88829145054552
E14001401,0.24653148345784417,0.12225974071417324,0.1234144549224067,0.04093986738282275,0.023864093636824887,0.3104956523260493,0.13249470755987894,7.752987385622059
E14001402,0.13375661375661377,0.0774987974987975,0.1655988455988456,0.07326599326599327,0.01265993265993266,0.387994227994228,0.14922558922558923,8.537373737373738
E14001403,0.21574369740486565,0.06162341442760616,0.146604802145264,0.04726284776740822,0.020288269851631,0.3617839563890408,0.14669301201418414,7.68352063228834
E14001404,0.1966089979466954,0.10022566020858321,0.22986846652706905,0.039460041879281954,0.01429181321027059,0.28205493098050377,0.137490089247596,8.75963121836183
E14001405,0.2983956986438538,0.081804131565772,0.1686366703672261,0.060993926728923134,0.02862491564901282,0.18759659548531749,0.17394806155989465,9.766973595420012
E14001406,0.3740492660177157,0.12868947384894677,0.09415005164480891,0.026949200287958934,0.01960937744530345,0.20390309555854644,0.15264953519671978,6.564759460389997
E14001407,0.28533276359363313,0.12044653349001175,0.11699248655770395,0.031015204928248406,0.02070647722821636,0.28611615568137305,0.1393903785208133,7.008733041341737
E14001408,0.325130890052356,0.12435602094240837,0.08362303664921467,0.02668062827225131,0.012544502617801047,0.2701151832460733,0.1575497382198953,5.622146596858639
E14001409,0.362753036437247,0.080460259961645,0.06580012784998934,0.02902194758150437,0.02058384828467931,0.31689750692520774,0.12448327295972725,5.779032601747283
E14001410,0.3642469135802469,0.08794074074074074,0.086597530864197525,0.01702716049382716,0.022933333333333333,0.29487407407407407,0.12638024691358024,5.903012345679013
E14001411,0.31322216245293166,0.195933297471759,0.09519096288327057,0.015212479827864443,0.013641742872512103,0.20963959117805273,0.15715976331360948,5.932275416890802
E14001412,0.3236628522458033,0.13933558501789586,0.08920199626959721,0.01693804506729848,0.026163230327166408,0.2725210465292131,0.13217724454302565,6.493484397842416
E14001413,0.27469803592059655,0.1188530616531877,0.2118264888142002,0.02714000630185905,0.012540699506354374,0.23260161747715577,0.12234009032664636,8.03922907257641
E14001414,0.16400365445132473,0.11720637498731093,0.15293878794031063,0.012343924474672622,0.006131357222616993,0.38282407877372854,0.16455182215003553,5.393817886508984
E14001415,0.2946559050338362,0.15346568043346298,0.1401335461678545,0.018548078868679603,0.00968996605139504,0.21679893882506351,0.16670788461970817,6.300164122394838
E14001416,0.34617150201983105,0.14593279471171502,0.11272034520749173,0.0243986412045538,0.009938486962908557,0.1986090708777084,0.1622291590157914,6.10734943077488
E14001417,0.1589010989010989,0.08786813186813187,0.16835164835164834,0.011450549450549451,0.005912087912087912,0.4255824175824176,0.14193406593406593,5.411538461538462
E14001418,0.17610955892456373,0.14413960518481198,0.21039252507671874,0.01953464938396006,0.009664269683506619,0.2964549077085146,0.14370448403792424,7.381372234690606
E14001419,0.4110570636539568,0.05990550412329794,0.06048084802203742,0.021688721516118347,0.016440887773070418,0.33057865648482315,0.09984831842669596,4.977814390571334
E14001420,0.1995256448265639,0.1117699377408835,0.08462157468976325,0.019905976028122486,0.016877726483418745,0.47261869467621026,0.0946804455550379,5.275507178857312
E14001421,0.2455445896052258,0.14761431411530815,0.055595001420051124,0.008449304174950299,0.008467054813973304,0.4094894916216984,0.12484024424879296,3.890451931269526
E14001422,0.2865683456234637,0.12669249677123692,0.181185685122693,0.04024496937882765,0.008603091280256634,0.21007790692830064,0.14662750489522144,7.789599216764572
E14001423,0.16526174625221515,0.17807366253173046,0.20513434551463192,0.023468556923224294,0.010081900474160639,0.2727381579577566,0.14524163034628096,7.714030844389099
E14001424,0.19014918304522851,0.09642003745721482,0.21432415559813145,0.06563623447355392,0.016188405485113987,0.26321227907777756,0.15406970486297977,9.733709340623857
E14001425,0.36156835650747043,0.13495120476725106,0.09733137576647378,0.03489075049658865,0.021245357975645564,0.2028672596942741,0.1471456947922964,7.132394852750669
E14001426,0.4053722419293666,0.17044820739352565,0.04488766927693372,0.01961046784017134,0.020614416705709123,0.17781049907413604,0.16125649778015752,5.721169935077973
E14001427,0.4047310696507346,0.1265530778258934,0.03911530211663766,0.02420170787971994,0.02476830304747258,0.22928892306447043,0.15134161641507143,5.8138228985389935
E14001428,0.2630034619606519,0.11838216668073968,0.23543443384277632,0.025373638436207043,0.011272481634720933,0.20493118297728616,0.141602634467618,8.297675842269696
E14001429,0.3520189610559047,0.10965665702668029,0.06151471003935724,0.019700363130313772,0.01430776924916828,0.29146100154384746,0.1513405379547283,4.963904411924592
E14001430,0.18005733960685333,0.12008395176888571,0.051646798995871,0.008271718404916391,0.0057476782946268125,0.5414751917035899,0.09271732122525686,3.2157505589925783
E14001431,0.3581175329007217,0.1155922129904785,0.0780520346897932,0.018072654496937353,0.014595588978510926,0.22631249115571997,0.18925748478783835,5.304192694119312
E14001432,0.32535182119205297,0.11649420529801324,0.09091473509933774,0.018874172185430464,0.02357201986754967,0.271523178807947,0.15326986754966887,6.240480132450331
E14001433,0.3811792850559837,0.10626115261682059,0.11139870972802322,0.02531521462046787,0.010745730140988686,0.22815067552993312,0.1369492323077828,5.976724121026726
E14001434,0.15722734724052587,0.13194689981035645,0.06375558484137443,0.005351804827874385,0.00503037510848253,0.5427180097071775,0.0939699784642088,3.301043039439427
E14001435,0.23784122468332994,0.12463591410959832,0.04589175641807221,0.004402899139741245,0.006502743344848608,0.45065366117997696,0.1300718011244327,3.1655574747680006
E14001436,0.21594739590751555,0.1927313298200636,0.18814983620566872,0.024830271091487444,0.014171770403076486,0.19695674880121541,0.1672126477709728,7.999454018895694
E14001437,0.14903877203935328,0.12843641686938925,0.11265634754903016,0.06514391509332415,0.008116079309379777,0.36378118877957416,0.17282728035994918,7.169759531549374
E14001438,0.2860292676553211,0.057098059711243224,0.08179264388841706,0.02897367217612857,0.013735545828705821,0.424625988110015,0.1077448226301692,5.18182040896322
E14001439,0.18252647981637854,0.1082566489081682,0.12339699719935143,0.02870138347827918,0.013245172566278506,0.40386194697719474,0.14001137105434944,6.08735707216408
E14001440,0.24570121470263448,0.17279276436872273,0.1845454067413367,0.029999474154703686,0.022401009622968922,0.1776831256244413,0.16687700478519218,8.74316401114792
E14001441,0.32364124819177514,0.07582145071295722,0.17695804918371563,0.02074808844802645,0.009733415995040297,0.24765447406488944,0.14544327340359578,6.629262244265344
E14001442,0.18018760180487164,0.08719177697478048,0.13506581041358523,0.026399056374155138,0.005261088539813896,0.43659545786448484,0.12929920802830877,5.41456816011683
E14001443,0.21949825471024106,0.14160321704872522,0.160015513686746,0.037681928596215476,0.00926738655616567,0.30490518279613793,0.12702851660576864,7.248157749698913
E14001444,0.22183090692927163,0.07205186298481348,0.18517687700486776,0.06052177034029476,0.02741201013930326,0.288835550371251,0.14417102223019806,9.714944256264161
E14001445,0.13718490059984415,0.08167666406915423,0.08165854188941846,0.006270274188579402,0.005672242257298708,0.6090864609195193,0.07845091607618564,3.3246497888766062
E14001446,0.3217460817325162,0.12741939391003124,0.16094571352438167,0.018265061408396115,0.009713911969186794,0.2053002591991473,0.1566095782563407,6.577965650056927
E14001447,0.18573141486810552,0.09352517985611511,0.1674060751398881,0.07376099120703437,0.012809752198241407,0.2764388489208633,0.1903277378097522,8.857913669064748
E14001448,0.19616996951219512,0.08374618902439024,0.18267911585365854,0.016977896341463416,0.0065167682926829265,0.3275342987804878,0.18637576219512195,6.057450457317072
E14001449,0.18462963779944414,0.10614549786032558,0.13678475316539462,0.03399214717430626,0.019301186747253715,0.3677372391582477,0.15140953809502802,7.067101954383023
E14001450,0.23070088437060915,0.1290809157781635,0.22477064220183487,0.023390362839904123,0.009298289114802877,0.23801553847425408,0.14474336722043143,7.8367013802793615
E14001451,0.169827132117033,0.15979504860412777,0.23648422161566823,0.023918977158454244,0.013288320643585691,0.2290619163913231,0.16762438346980799,8.492134750754202
E14001452,0.2887875118913777,0.1910836288160512,0.12395139669635907,0.022788203753351208,0.01128599844331056,0.1918619735362795,0.17024128686327078,6.562472974141659
E14001453,0.27155926881642817,0.1181045527545699,0.15623364671490697,0.03728097876103001,0.015103668549362109,0.2921125286464442,0.1096053557572586,7.575292780193804
E14001454,0.13737618589877545,0.10891461528816818,0.15344589793956617,0.012642621306473858,0.007063150415848205,0.45868683913570446,0.1218706900154637,5.363188030258703
E14001455,0.24460754236088167,0.11094067116628122,0.19155614291782697,0.028272053617784492,0.01182328786520036,0.2891867654693916,0.12361353660263369,7.492802190022183
E14001456,0.1810396258732511,0.09880487288543331,0.12771116799137816,0.0194761455707165,0.006581859471526722,0.4343642347144974,0.13202209349319682,5.150834279555821
E14001457,0.1526240368839692,0.12745322007850304,0.13964403646860918,0.02265788872505244,0.014807584473842703,0.43741562999730016,0.1053976033727233,6.334551722705656
E14001458,0.16224526438639017,0.08566747463865697,0.19315019301553102,0.056378489990124785,0.023139420055660293,0.34165993356674745,0.1377592243468893,9.299308735074963
E14001459,0.3371092824003522,0.09993565647329744,0.093653696366284,0.0174912797588811,0.011615699820515425,0.32789799857766944,0.11229638660300044,5.181728131667175
E14001460,0.2383738972381079,0.07636210488983464,0.1205169127100235,0.06864831316221129,0.02367336081925788,0.3343529724697433,0.13807243871082148,8.562031741809637
E14001461,0.3768753845425718,0.08848028775616451,0.11351696720147664,0.044890908230394246,0.02842065407733447,0.18924227365232618,0.1585735245397321,8.169873160111695
E14001462,0.4256745254915312,0.10471103923738191,0.12801089454421652,0.051089454421652906,0.014873606264362925,0.14292705762192526,0.13271342241892928,7.898650949016938
E14001463,0.14226509115129388,0.13459308779633422,0.22211806497767472,0.025507560993660115,0.009966203715124454,0.3330290845400498,0.1325209068258628,7.752608727828898
E14001464,0.14219100343274402,0.09044189138242356,0.25436037859396393,0.05383256939897216,0.015893803202571583,0.3052761077048237,0.13800424628450106,9.81496914498879
E14001465,0.12553629655054058,0.0795006006521366,0.1751544534065557,0.0362750986785653,0.00641410674446542,0.4249828385103827,0.1521366054573537,6.558692294491162
E14001466,0.4059570780213013,0.14799188085843956,0.06985654662804752,0.01464182270166716,0.01071909138595571,0.19367345542454445,0.15716012498004425,5.03837206650398
E14001467,0.3379471835566541,0.08422011187719526,0.07004032782620008,0.02484714452972551,0.020450110576297646,0.3717965396123325,0.0906985820215949,5.631455704436061
E14001468,0.22396006655574044,0.13952935583551224,0.09510339909674352,0.020632279534109815,0.010767768005704777,0.41747088186356074,0.09253624910862848,5.298312336581888
E14001469,0.30660417920715455,0.17520853039814258,0.0750494453521369,0.016596439934646143,0.01042651990712873,0.2729383437956832,0.1431765414051079,5.162524722676068
E14001470,0.22724115476448883,0.24098111569350988,0.11415237681788583,0.016757108747558064,0.009811156935098762,0.22155415671803777,0.16950293032342087,6.1974712394182765
E14001471,0.154879993373232,0.15413448197312019,0.23850152208577524,0.028785023504317754,0.014309677152146452,0.25067820828760173,0.15871109362380667,8.753339269813003
E14001472,0.20430951757829538,0.1637442205356364,0.14376690220710112,0.009072668585885022,0.006455552647648958,0.3505190613277501,0.12213207711768298,5.538907790281776
E14001473,0.3076167384306676,0.07403536641444755,0.15337987542326825,0.0456293633209314,0.023410392542117804,0.2504493959282639,0.14547886794030349,8.318057355461727
E14001474,0.24300109786700125,0.08679030740276035,0.1755999058971142,0.05038425345043915,0.021604454203262232,0.23298306148055206,0.18963691969887075,8.766075909661229
E14001475,0.17321158716982737,0.09111806398058872,0.17957559117127472,0.05685035012664155,0.018985590532745886,0.3316305897877956,0.14862822723112615,8.785039269523018
E14001476,0.16648322002805654,0.13337649724830042,0.2131218301499946,0.045645840077695045,0.02676162727959426,0.2680047480306464,0.14660623718571275,9.873961368296104
E14001477,0.2759363163436906,0.10193785657032392,0.14262812956763637,0.02865135869992299,0.00870699545790309,0.2722900655382149,0.16984927782230813,6.292808084618165
E14001478,0.30545626803324577,0.193079540071487,0.10436673700529693,0.023556263726799018,0.015481676069075407,0.20246759398820033,0.15559192110589554,6.597637913957193
E14001479,0.18932999658741895,0.137231259242407,0.13420543737913776,0.01426458878398362,0.01210328745307701,0.400546012967808,0.11231941758616767,5.796837674894778
E14001480,0.19870812802782495,0.1200985466440313,0.16581093950561054,0.0646350047617076,0.00836404289677446,0.25510330835162104,0.18728002981243014,8.291426856030807
E14001481,0.185432888751831,0.10976408912188729,0.13385629481150257,0.02945031223498574,0.017288566802867937,0.4217485159201295,0.10245933235679593,6.672288181327577
E14001482,0.14300196277203805,0.07206177339688977,0.16927291158898258,0.049910488967495635,0.022086577658909045,0.4086663934603024,0.13499989215538252,8.296324655436447
E14001483,0.1869654718702914,0.16604061883236773,0.18272107977334945,0.05193013730608433,0.013942828038454192,0.2726385263470639,0.12576133783238896,8.819422338235604
E14001484,0.19128323042343762,0.12744464825483762,0.13759785051799417,0.038907691115302144,0.015501072157490893,0.29731056398067535,0.1919549435502622,7.176931821117628
E14001485,0.2637618378303648,0.09910366598308717,0.1424456784718542,0.07016290697942348,0.024194105854973617,0.23309292840848866,0.1672388764718081,9.344454941358094
E14001486,0.17864543026187682,0.10397683301295654,0.16583867988116932,0.052774795915819954,0.048406021419477245,0.2687670070150036,0.1815912324936965,10.79056095064533
E14001487,0.25535018521717434,0.08550699602694765,0.24796069173336405,0.045239054912573656,0.022168480451430876,0.19262586130784437,0.15114873035066506,10.048127675092609
E14001488,0.14446685543617394,0.14900508126139406,0.18835576587409333,0.0356658003956402,0.011946782514254684,0.3249873938171522,0.14557232070129164,7.806524184476941
E14001489,0.130447317646537,0.14297753431948726,0.19751169856512385,0.039542258987381076,0.015058437382182698,0.3353440819675767,0.13911867113171142,8.332760417821738
E14001490,0.11678047308258196,0.10350096201003509,0.21573546610329347,0.04804391292866035,0.01937224129475233,0.36347002678537743,0.13309691779529936,9.09467310521749
E14001491,0.22532264458441614,0.15396643615381228,0.14282253446681056,0.03120732942782892,0.008743337884861032,0.3006651103378408,0.13727260714443026,6.678302426992029
E14001492,0.2843126567099095,0.14542679603183256,0.15057778262291507,0.011037828409462554,0.015180420800174425,0.2392347105636106,0.15422980486209528,6.524174206911588
E14001493,0.14239414774174133,0.06928721901983934,0.20098617959580525,0.08789962265898095,0.023867398198949,0.3094659351343843,0.1660994976502998,10.760237979489316
E14001494,0.1682612845403543,0.08515492236422469,0.208068533649929,0.04143678562283214,0.020788230090555672,0.30660893451591126,0.16968130921619293,8.74839956235305
E14001495,0.20711443438716165,0.20914775460230006,0.1180418907691635,0.031789759062486336,0.018999518999519,0.26625562989199353,0.14865101228737593,7.39773273864183
E14001496,0.15350806451612903,0.105,0.14685483870967742,0.022903225806451613,0.006169354838709677,0.42,0.14556451612903226,5.632560483870967
E14001497,0.17935272773035216,0.07945130775845796,0.2580279799484028,0.08299599387545357,0.02374310464165111,0.20877991484363528,0.1676489712020471,11.83909432220987
E14001498,0.22784437434279706,0.10229232386961093,0.16229232386961093,0.06082018927444795,0.015772870662460567,0.2809463722397476,0.15003154574132493,8.581388012618294
E14001499,0.293976128310332,0.15175307720999626,0.07344274524431182,0.020234986945169713,0.01422976501305483,0.2596419246549795,0.1867213726221559,5.390898918314062
E14001500,0.38396132357644047,0.09857220790458812,0.06971538215542053,0.02486878985684456,0.015180872476908896,0.24360879625275117,0.16409262777704622,5.42706785304464
E14001501,0.26507517864791147,0.10896959040598724,0.08406032325691486,0.051847343387209484,0.017425215842744753,0.3058542413381123,0.1667681071211199,6.888314059646988
E14001502,0.2854320581153664,0.06597658098903134,0.07258247072623629,0.05718930710184594,0.009775070483402959,0.35494824357417737,0.1540962690099397,6.015578375486181
E14001503,0.159086553816672,0.1344139252634941,0.14369211114659852,0.008320025550942191,0.006212072820185244,0.3637336314276589,0.18454167997444906,5.151030022357075
E14001504,0.2876318968071287,0.06723033797488548,0.19464892089610064,0.030880375578294858,0.009207137810797876,0.25604503293147063,0.1543562980013218,7.242473620638574
E14001505,0.193620365160364,0.15258348047109954,0.1253613768214362,0.012204350103804886,0.006014862531286987,0.3588932652942432,0.1513222996177652,5.16603931003706
E14001506,0.25602382456456996,0.1584017687934302,0.15585235989531632,0.015025719700388051,0.007535420990885299,0.2643714466203411,0.14278945943506904,6.2241110910567645
E14001507,0.16657376070077642,0.07471630499701373,0.11413497909615768,0.026975910810272747,0.005355365319530161,0.5115468843320725,0.10069679474417678,4.901851483177384
E14001508,0.22755832857331165,0.09947712992662243,0.19768003866602224,0.05026582890285162,0.017663341974603453,0.22037435739707367,0.18698097455951493,8.94360472779999
E14001509,0.2416413036233977,0.16148668162530824,0.18076999977784194,0.023415457756648078,0.009263990402772532,0.23333259280652255,0.15008997400750895,7.225468198076111
E14001510,0.29136732463788334,0.14161493571411965,0.17144451419404338,0.021227127944014323,0.009392945990560553,0.22185022436120994,0.14310292715816883,6.926077050056962
E14001511,0.23060222279658826,0.07852158180408374,0.16092013440165417,0.04735073662445076,0.04536055828379426,0.2525975704316361,0.18464719565779272,10.143447919359009
E14001512,0.14838674053486958,0.07067788187222764,0.20851815722147576,0.03625922585632512,0.019454823213266827,0.4015571220849975,0.11514604921683753,8.259465130404374
E14001513,0.25995439396597086,0.07327661813716892,0.1885634099280828,0.03709875460445536,0.01640063146816348,0.29538677425013155,0.129319417646027,7.9522232941589195
E14001514,0.17495377542351706,0.14067263005347058,0.23859377342461646,0.04007795712358203,0.012293238718704712,0.24314127230023488,0.15026735295587426,9.051271800509719
E14001515,0.25675197807541,0.14606816072138973,0.16016885470538833,0.015515183662644212,0.008575343676789108,0.2621226185740176,0.15079786058436104,6.324979003668832
E14001516,0.2662006871223789,0.06138688149113454,0.1405244244362832,0.058721320538640764,0.006713264621095447,0.30199818346957313,0.16445523832089404,7.115912411641591
E14001517,0.2629596940276552,0.16648033735412376,0.09145827204079632,0.012219280180445229,0.008002353633421595,0.33292144748455427,0.12595861527900362,4.925223104834756
E14001518,0.32206486980356325,0.18371763121829243,0.11694837825491092,0.0276261691231276,0.017888485489649202,0.18316462696256403,0.14858983914789256,7.196268423456997
E14001519,0.1904519473306644,0.18746673454747415,0.17501677735866522,0.02594126767407956,0.01830467683336033,0.27251058709184733,0.130308009163909,8.014197116608429
E14001520,0.4303390001005935,0.14992455487375517,0.08982999698219495,0.02060154913992556,0.01460617644100191,0.1479126848405593,0.14678603762196962,6.09244542802535
E14001521,0.2899576951790602,0.23396602040585482,0.13051150374408976,0.020473723502929666,0.01411668891251725,0.15745537633192316,0.1535189919236251,7.140522136506572
E14001522,0.24280416317741357,0.20047852613949038,0.16372771862663,0.0324919248713961,0.01342265821270487,0.20203373609283407,0.14504127287953106,7.921103002751526
E14001523,0.14718494950892239,0.14425692811361646,0.2187024484714345,0.04295199889334624,0.013879282519481718,0.2808825563701757,0.152141836123023,8.867120855812239
E14001524,0.30583635323288194,0.13212855235552165,0.15875929811176806,0.013875643715430097,0.01049017737936296,0.23173755483501812,0.14717242037001715,6.39435914552737
E14001525,0.18335587605051595,0.14666950350298627,0.09642710597103388,0.008936034406771933,0.00749228735125606,0.4173188857312199,0.139800306986216,4.488457622224587
E14001526,0.1505350565568947,0.07501689078743762,0.19270753873983829,0.04814419283830613,0.013686986465575486,0.3936970119652159,0.1262123226467319,8.054562692064598
E14001527,0.14970686103628586,0.15610838218982728,0.10895262240532404,0.006718428141340517,0.005846933924893044,0.42199334495325624,0.15067342734907305,4.494216447472667
E14001528,0.25176372364850763,0.15946566478814445,0.09699436443331245,0.012648716343143395,0.008453350031308704,0.3486954706741808,0.12197871008140262,5.0107493216447505
E14001529,0.1982675447795629,0.10396828726037166,0.16699525986828306,0.03464910440874198,0.011095264063089895,0.3368639624145308,0.1481605772054197,7.062167037207937
E14001530,0.2119075116101924,0.08187335675848342,0.1749760424601322,0.05730152099663366,0.02869990416984053,0.29206083986534637,0.15318082413937145,9.517900582352507
E14001531,0.3224201730095327,0.12826230793736368,0.14558776680471489,0.01634523488617149,0.01318401254686696,0.23841497782243243,0.13578552699291788,6.470029651775431
E14001532,0.17168881528456598,0.09815405743830027,0.14561538150826028,0.0337480308599588,0.010764632225229227,0.41250959324635456,0.12751948943733085,6.4575170658803565
E14001533,0.12770745428973276,0.07545710267229254,0.20161744022503517,0.04280356305672761,0.012400375058602907,0.35700890764181903,0.18300515705578996,7.835736052508204
E14001534,0.20324924856371038,0.12142829966137808,0.12047711448464787,0.008008979188068333,0.005307613286154549,0.38427881139900316,0.15724993341703764,4.613390784918008
E14001535,0.1652909022506473,0.13534866222586142,0.18334919335207028,0.017991900325314805,0.011242171420983911,0.3774094319162591,0.10936773850886317,6.804335317679864
E14001536,0.2727103291460096,0.1436798747530473,0.07061915234651657,0.04286726059566854,0.01921571551049316,0.30711596525888096,0.14379170238938382,6.638041898087747
E14001537,0.34629957937914974,0.11556644766572809,0.061094309451802414,0.03837730733131713,0.01804150589216811,0.2920533945145479,0.1285674557652866,6.124682796259602
E14001538,0.26601688601936924,0.08991391441105868,0.220490853406175,0.029881632315205697,0.013037000248323815,0.24449548878404107,0.13616422481582652,8.136847115305025
E14001539,0.12640510394514126,0.09463564949437958,0.1856473243348813,0.034850917928909333,0.010806822620545983,0.4427759211839764,0.10487826049216614,7.171563734212925
E14001540,0.3267389548967586,0.07499903872034452,0.1390779405544661,0.04400738262775407,0.02039835428922982,0.25114392279001807,0.14363440612142886,7.77309955012112
E14001541,0.33671340947109724,0.14200450217880672,0.11034468515726648,0.037070692468143984,0.015241320914479255,0.22401437392866733,0.134611015881539,7.001197827388943
E14001542,0.24746951799336475,0.11491241045580373,0.14238319633159352,0.025421042621980854,0.015827398939205036,0.32014031232170403,0.13384612133634807,6.738319633159352
E14001543,0.20821252252958233,0.13141603322623618,0.17345819293158843,0.04615625734660293,0.020217851265574797,0.2914152495885902,0.1291238931118251,8.669775095995611
E14001544,0.19369349600631966,0.07467304485210217,0.20653032563854998,0.07221539541823926,0.02317212323356447,0.2776046695339243,0.1521109453173001,10.27835074168349
E14001545,0.16193129062209843,0.1068606210667492,0.199504797276385,0.019477973795522543,0.011018260600433302,0.35893944083359125,0.14226761580522027,6.954348498916745
E14001546,0.24275368378798776,0.08034922811888474,0.19818026727324425,0.04266671126795899,0.008479820702804864,0.24504507518105337,0.18252521366806604,7.771496429109034
E14001547,0.33932101418134936,0.19776536312849163,0.11871508379888268,0.01772668672110013,0.012269015900300816,0.15552213149978514,0.15868070477009025,6.485066609368285
E14001548,0.1956748117114281,0.09156515632189476,0.18451069188482308,0.0526723657762817,0.018332405008112757,0.29089676216307847,0.16634780713438113,8.70298839997094
E14001549,0.13396214113402735,0.10031947493099776,0.15860735009671179,0.054310738269619456,0.006889357355529959,0.3950187990350553,0.15089213917805838,7.254580227327059
E14001550,0.14410599425757503,0.12416790978939095,0.07052916927321431,0.004812087964967999,0.00452336268706992,0.5636559036299184,0.08820557239786343,3.280520667917809
E14001551,0.35853588027307703,0.131134781738531,0.08038871222397652,0.023949832106562298,0.013275812226200272,0.20647557206075295,0.18623940937089994,5.627432231092531
E14001552,0.18566005300479907,0.07688083470620538,0.21505145285676766,0.04359764104768044,0.02253897762815462,0.2752668146980875,0.18100422605830527,9.10679750734188
E14001553,0.18121285997257353,0.17731220478439738,0.10984305957641323,0.008029864391284473,0.008121285997257352,0.33507542282492764,0.18040530245314643,4.990781654731069
E14001554,0.26081172544168785,0.06926972716876327,0.17056036595327562,0.034588185870656055,0.02824001680397694,0.28377716059467406,0.15275281816696618,8.398429294933134
E14001555,0.2071396835822049,0.07286495257596538,0.10255568219135743,0.053373770935151735,0.007978055517994088,0.424111885950509,0.13197596924681748,6.1555141306237555
E14001556,0.1547399586615273,0.0788410330893991,0.09716403180455468,0.006778019849915275,0.004748338081671415,0.5652011991881273,0.09252741932480495,3.6063162206953057
E14001557,0.24842636304730167,0.11200592428029252,0.16694436730537812,0.010645191150606314,0.01224196982319726,0.33583263908173655,0.11390354531148755,6.258388873461076
E14001558,0.1883945294554193,0.12877690214510373,0.16418701629147966,0.013464324840089055,0.00773933632540552,0.343923384104322,0.15351450683818071,5.945594939392869
E14001559,0.254310572106512,0.10712716407417172,0.04466121803321909,0.006432902715528605,0.007469900694261358,0.46566482116178926,0.11433342121451798,3.219527199226646
E14001560,0.26302161739025715,0.14991670179241684,0.15744364826077356,0.01722165351960017,0.00919291062001967,0.2645671503984264,0.13863631801850626,6.441209530117821
E14001561,0.2776191835569512,0.16906936911218956,0.1299362451232277,0.01558188219621277,0.011323627367018746,0.24878675421067656,0.1476829384337235,6.167868017889429
E14001562,0.3187851568579496,0.15850323498677102,0.1607265935922805,0.02178891433399293,0.013429085977277275,0.16221624385797184,0.16455077039375682,7.255097049603131
E14001563,0.15318539727988548,0.1313926668257377,0.1273999840928975,0.008844349001829318,0.0068241469816272965,0.40687186828919114,0.16548158752883163,4.860335639863199
E14001564,0.29556639566395665,0.12104065040650407,0.14172357723577236,0.019230352303523036,0.008585365853658537,0.2790460704607046,0.13480758807588075,6.033387533875339
E14001565,0.25700532247964936,0.11607701941139636,0.14306120851596743,0.022405291170945522,0.009646994364433312,0.33695992485911086,0.11484423919849718,6.154312773951158
E14001566,0.25903671193655936,0.05509615927970012,0.12260543615438227,0.022641225112546855,0.0125072990638362,0.4366629621955584,0.09145020625741679,5.532360752698299
E14001567,0.29597848673756266,0.18831438699425498,0.12436132502139102,0.014888155482214888,0.01024324654687691,0.23182984965163184,0.1343845495660677,6.128957340178462
E14001568,0.2512584849069511,0.07526353638643818,0.15100064897479523,0.0168733446757757,0.0061389507656148595,0.34327258695385265,0.15619244733657237,5.463052286320664
E14001569,0.13829046221205035,0.0827155579879596,0.22167769540773172,0.06380914473356883,0.016642619035772924,0.2931737897407831,0.18369073088213345,9.602467784466889
E14001570,0.10667009081782737,0.09938598743959097,0.1759858053370065,0.04652954497700371,0.020007937804963464,0.37809632759788014,0.17332430602572782,8.226250787943874
E14001571,0.25062958699093396,0.10812706864297021,0.22479853216290113,0.033655921715354725,0.018168081738379624,0.21983378903439343,0.1447870197150669,8.901460641818966
E14001572,0.14810105323768624,0.10352438761066193,0.2052493942083923,0.033900338283630434,0.012307766128451813,0.3433458890141791,0.15357117151699815,7.761809937381541
E14001573,0.22400999058857599,0.08654890320712372,0.1552161007746326,0.03322956635053935,0.007402446970245421,0.3559690146963006,0.13762397741258234,6.400990009411425
E14001574,0.28996895000316836,0.20860528483619542,0.11684937583169634,0.021819487569440042,0.014680100542846884,0.19855100014785712,0.14952580106879582,6.782734511965867
E14001575,0.21907678518075888,0.07591375361019818,0.15267403645055275,0.06635295289313814,0.027387710387411612,0.29777910566676624,0.16081565581117419,9.347425555223584
E14001576,0.18340070220989585,0.1399551529814416,0.15566636178561946,0.013100050157849704,0.010016817631959402,0.30804295872304016,0.18981795651019384,6.012340306257929
E14001577,0.23348240840695292,0.12224890396774692,0.21894208102927892,0.027141944438324777,0.010949307131369655,0.246700887841202,0.1405344671851248,7.97674649159525
E14001578,0.2143073251084143,0.08454634080747639,0.2449322620768481,0.05168588429085286,0.018758194103607087,0.22456045987830706,0.16120953373449423,9.895031431741016
E14001579,0.16981302502032336,0.09360039743473941,0.186658838406648,0.043062957275765514,0.015107036401409087,0.3452262668232319,0.14653147863788277,8.006108300966488
E14001580,0.24050378059147243,0.06959420160171804,0.1701937273500067,0.054919242986890965,0.021408438101203527,0.27739251040221913,0.1659880989664892,8.711131492998076
E14001581,0.30459272097053725,0.06334488734835356,0.18979636048526863,0.04579722703639515,0.01288994800693241,0.2311525129982669,0.1524263431542461,8.124566724436741
E14001582,0.10159418263179974,0.08078124271663636,0.2422271943317951,0.040670302521791823,0.015965133081620286,0.39768330769589333,0.12107863702046334,8.81176292360043
E14001583,0.24378753974796843,0.11400306206571664,0.24051348486632906,0.04086680014132611,0.015828524319868097,0.23592038629136733,0.10908020256742433,9.3800494641385
E14001584,0.2555219012115564,0.16376980428704566,0.16933830382106244,0.02234389561975769,0.009878844361602983,0.2401677539608574,0.13897949673811744,7.049627213420316
E14001585,0.30244112755866714,0.12004434680846696,0.1764428110949145,0.021639600057486604,0.010244933993060546,0.21079105672695916,0.15839612376044512,6.9786683638902005
E14001586,0.13897462277091907,0.09180384087791495,0.10696159122085049,0.0064643347050754455,0.004766803840877915,0.5546467764060357,0.09638203017832647,3.847436556927298
E14001587,0.17420869920359403,0.05611598938125383,0.1485195017357566,0.03977945681029202,0.022319787625076578,0.44435368593016134,0.11470287931386564,7.4024402695527876
E14001588,0.17126261664444867,0.11018853551704437,0.12780422776613978,0.02763283184155399,0.009293467910874119,0.42875642734717195,0.1250618929727671,5.797609979051609
E14001589,0.16905624704584843,0.17470195893072843,0.1710519405493409,0.019274197783729845,0.0128669712725172,0.33472506696076887,0.11832361745706634,7.050640722651122
E14001590,0.1406234258195813,0.09917588506719861,0.18483144935420823,0.0589977634044611,0.02345402889439642,0.3228354389570614,0.17008200850309296,9.32322835438957
E14001591,0.178870395420416,0.0969044678390088,0.19514203375874845,0.03021035503538591,0.01627163833833245,0.34225332784410595,0.14034778176400242,7.737997216177537
E14001592,0.18046338781236965,0.1011717416859429,0.10018581017026279,0.03528497212847446,0.005820787986803686,0.44689241970346216,0.1301808805126844,5.267149520306398
E14001593,0.12155009835134752,0.10329933283312717,0.107537566159025,0.027112526108734006,0.00673250461338795,0.5326181737067305,0.10114979822764789,4.988035609271389
E14001594,0.362246165661494,0.14998531770233337,0.15208601567617627,0.017957579453818526,0.013982065008696438,0.15186013417361252,0.1518827223238689,6.998881886562309
E14001595,0.3623829717493291,0.16952451191281012,0.1382213754532604,0.01772068916067441,0.014033146907586095,0.14401901132894926,0.15409829348739065,6.861901542621843
E14001596,0.2717883301785861,0.1381573533042548,0.16766109785202865,0.024607028228129373,0.014854744465476093,0.2419348201794091,0.1409966257921159,7.364568759772858
E14001597,0.35738219286862544,0.061629641107086824,0.12463442505471518,0.048633572853518235,0.012279444519765257,0.26354322015843196,0.1318975034378571,7.019232631558559
E14001598,0.23162579190796379,0.1628512573360799,0.14277663337090443,0.01700415873139259,0.008764429243266354,0.30168292588130124,0.13529480352909168,6.122323059582573
E14001599,0.2888527615448833,0.07693659651127027,0.12656531482051056,0.02566017839096621,0.013599015773979525,0.31567731446900127,0.1527088184893888,6.073091963618788
E14001600,0.22270858204005836,0.07524681181664866,0.1358459818467777,0.05565345915524984,0.007030110094176947,0.3525477043184962,0.15096735072859227,6.904856650180963
E14001601,0.2687150593990217,0.09106394129979035,0.20167278127183788,0.03203616352201258,0.010831586303284416,0.2305861285814116,0.1650943396226415,7.696377096436058
E14001602,0.29442536538615127,0.1606501078188643,0.0912467055347017,0.012039773181055827,0.00918456992253015,0.30546681574954077,0.12698666240715598,5.042428719750819
E14001603,0.32583883110049783,0.08309386003966487,0.17357429068684987,0.039826769741368846,0.017667057918808435,0.21858177844335613,0.141417412069454,8.114856113652001
E14001604,0.3895784025091882,0.04456502915199446,0.050895726298370185,0.036290865708403085,0.01770286132117224,0.3455906405741885,0.1153764744366834,5.375416113452251
E14001605,0.2617120376232251,0.11965270869132676,0.07474902776521661,0.04549154381839559,0.012932983630279461,0.3662611920050647,0.11920050646649182,6.128414126797503
W07000081,0.24778947368421053,0.14907894736842106,0.2296842105263158,0.04202631578947368,0.013736842105263158,0.18078947368421053,0.13689473684210526,9.321381578947369
W07000082,0.23305509851920223,0.18513985312412215,0.20490388859906095,0.03403025803603676,0.016633893815963724,0.20789357518359486,0.11834343272201935,8.931337533608893
W07000083,0.24967037341095108,0.09199691519267607,0.17463989849988806,0.047366718909371344,0.03199243724656069,0.25049133019877107,0.15384232654178173,9.497848098116775
W07000084,0.24944108116255118,0.138913311060313,0.25685146574895124,0.04461302720490341,0.014544449747544526,0.14685121454947372,0.1487854505262629,9.973624054861965
W07000085,0.15479756498212388,0.08464585950333366,0.18646729152575128,0.06867813315296165,0.03959319741037781,0.3028070344960866,0.16301091892936515,11.009155473958836
W07000086,0.27429211176937074,0.09742501282828754,0.17703036805523162,0.04291645286187433,0.015370620889116947,0.2592713532677147,0.13369408032840416,8.117915286653917
W07000087,0.18270205066344994,0.07170084439083232,0.22231604342581424,0.06417370325693607,0.025621230398069964,0.27285886610373944,0.16062726176115802,10.378347406513873
W07000088,0.22013045799577521,0.1339399707514102,0.21818055200909955,0.016806332551823393,0.011142319923860814,0.261774878711205,0.13802548805682582,7.566157524547923
W07000089,0.30869065932875434,0.12677399085649904,0.08012480228804195,0.023378761943968974,0.013043572465495201,0.32483262193140205,0.12315559118583841,5.420557710224688
W07000090,0.23936725523126504,0.13669374971630885,0.09073578139893786,0.020698107212564116,0.0130951840588262,0.39589669102628117,0.1035132313558168,5.417366438200718
W07000091,0.3076243807882834,0.0973293129442171,0.0713116519491708,0.022119319405556753,0.016433340512599613,0.37960370450139996,0.10557828989877234,5.235300452293776
W07000092,0.2581868321268528,0.1350611857980007,0.09712168217855911,0.018894346776973457,0.011418476387452603,0.3604145122371596,0.11890296449500172,5.364583333333333
W07000093,0.17657215785390756,0.08037836890968694,0.15344961337303872,0.06804134030679913,0.03515928029829083,0.3169340106603939,0.16946522859788293,9.987863166587424
W07000094,0.1631222193752766,0.1240595373972188,0.2608604504903217,0.049358272576925766,0.02045142204933498,0.242878106729403,0.1392699913815192,10.412697118632224
W07000095,0.2673969230769231,0.15492923076923076,0.16531692307692308,0.06057846153846154,0.02289230769230769,0.18552615384615384,0.14336,9.694215384615385
W07000096,0.19247559143822757,0.10967423957942171,0.18245399924896732,0.06972868944799099,0.03496995869320316,0.24152741269245212,0.16917010889973713,10.888213481036427
W07000097,0.19062183845846176,0.2080794296873162,0.13777850975225278,0.025551137566759995,0.02030444909771075,0.28889725431146035,0.12876738112603817,7.566877632167142
W07000098,0.2388336090466902,0.09268906940569369,0.27515369990864424,0.03051776499345695,0.026616626749956792,0.19587170687143526,0.14031752302412287,10.29795560603442
W07000099,0.26936098180279305,0.11153430197018856,0.20019278694691306,0.05600225701791508,0.01516433911694174,0.18660365824987069,0.1611416748953778,9.247014153383176
W07000100,0.23945762080052188,0.12886165602721214,0.19835981547924142,0.03128931550253949,0.028936209869064814,0.21056800708261497,0.16252737523880528,9.255218768929687
W07000101,0.1536539808545412,0.07522764417464393,0.20884893766051832,0.06376371702077983,0.021737100163436843,0.34340415596544477,0.13336446416063508,9.733656315666588
W07000102,0.19061847742502472,0.12848511479731956,0.1918048994836867,0.05563001208392838,0.038800395474019554,0.23985499285949688,0.1548061078765242,10.883664725914535
W07000103,0.24522233616108885,0.17805537428917684,0.17201920387806469,0.03353686958143003,0.01622075137503496,0.21981914794443927,0.13512631677076536,8.195674466299991
W07000104,0.30263824954880053,0.11938028511751465,0.1665078174112303,0.02938373248433476,0.013444730598422322,0.24310019670269503,0.1255449881370024,7.379950520146817
W07000105,0.21981166321453738,0.1361064252311503,0.1915824987721808,0.028698938737161284,0.012812026221947001,0.2943135956951592,0.11667485212786402,7.718391663641605
W07000106,0.17659864543935264,0.13754507872284283,0.25452986190518073,0.020472337056909137,0.01187439528542528,0.25024188582988827,0.14873779576040108,8.434888732518251
W07000107,0.18789153920711094,0.15796316871941563,0.2798279000496442,0.02981016997234108,0.015436987305264651,0.1620292664476017,0.16704096829862178,9.827427247582799
W07000108,0.38047121571697695,0.14427617253443595,0.07322682455410662,0.027720010765052726,0.017640006850488096,0.22878183642013064,0.127883933158809,6.156386856849265
W07000109,0.25891671176268016,0.14812810547547597,0.18844394155556649,0.02954198848821764,0.01347960840261721,0.22263491907315394,0.1388547252422886,7.93488955576327
W07000110,0.18534220265142642,0.13458565606408396,0.19335269592917037,0.024078324823160163,0.013585047079214877,0.31557127465217594,0.13348479880076825,7.510130229072001
W07000111,0.34043627106741575,0.1388254915730337,0.16156074438202248,0.034695400280898875,0.014286341292134831,0.19039676966292135,0.11979898174157304,7.827697068117978
W07000112,0.20236301369863013,0.10770547945205479,0.2141095890410959,0.0523972602739726,0.038972602739726026,0.2251027397260274,0.15934931506849315,11.071575342465755
