ons_code,pc_employed,pc_unemp,pc_student,pc_retired,pc_carer,pc_sick_disabled,pc_emp_other
E14001063,0.6362362927420788,0.0257367161121042,0.05095075318050198,0.1828749438120028,0.041479808908541624,0.027973782419167686,0.03474770282560291
E14001064,0.5502651003222788,0.02491163322590706,0.054267595384135565,0.2679592473230065,0.03998596527705583,0.03853051252728974,0.024079945940326437
E14001065,0.5891497262256907,0.021914532066209327,0.06383032286487507,0.2325885832966203,0.041701806281074956,0.027163446409465667,0.023651582856063943
E14001066,0.5608569295579374,0.021836506159014557,0.04213992427878206,0.2579054018023783,0.04239321708526636,0.04964539007092199,0.025222631045699356
E14001067,0.5338674168297456,0.017893835616438356,0.04811643835616438,0.31345401174168297,0.042367906066536204,0.0224192759295499,0.021881115459882583
E14001068,0.5516462233699161,0.0257843770174306,0.04566817301484829,0.24139444803098772,0.04894770819883796,0.05941897998708844,0.027140090380890897
E14001069,0.6009991516636818,0.025791780563672352,0.05778112922989914,0.20083184088981054,0.050582052973890096,0.035123480064096525,0.02889056461494957
E14001070,0.5499364388113428,0.032661640507986055,0.06387584800694768,0.19929264578167677,0.05726800166140137,0.06032649054133995,0.03663893468930536
E14001071,0.6284076418486565,0.024515491630957988,0.05586637104093191,0.18531368111480004,0.048697829907980744,0.027605776189874434,0.029593208266798395
E14001072,0.6155678342139308,0.021630052352222852,0.05027264263864876,0.21792066159668236,0.04110798099360408,0.0290778512616523,0.024422976943258897
E14001073,0.5583666087521972,0.04878023998943315,0.11953749707887544,0.09128133223600654,0.08634336168094207,0.04576259131689375,0.04992836894565184
E14001074,0.5535712191747089,0.025563151537893267,0.04901558414146508,0.2292358024836126,0.04896867927625793,0.06366162830239566,0.029983935083666553
E14001075,0.5388371164996126,0.028191826482946408,0.047264148728903076,0.22380930025116783,0.055644233703434194,0.0720288256144222,0.03422454871951363
E14001076,0.5444911607779499,0.021489513412505226,0.03957365198790293,0.2775687836542008,0.03613139583487005,0.05167072361141845,0.029074770721152665
E14001077,0.5827018336150945,0.030572073722912506,0.05562320451133153,0.20311631811034792,0.0583777649047726,0.04033716764987528,0.029271637485665646
E14001078,0.6411096106234526,0.026896241278415486,0.04870582939455323,0.18370470402880937,0.04172856178257934,0.030868782354265135,0.026986270537924826
E14001079,0.5539495445968925,0.021640382957907243,0.0444454797456265,0.2566097509841832,0.04061357124554497,0.04874327377763284,0.03399799669221272
E14001080,0.4878867751547101,0.020650928260371303,0.2168347467338987,0.19264267705707083,0.031205592482236994,0.028925051570020628,0.021854228741691496
E14001081,0.7023095919322027,0.03471459187780812,0.07608707477072704,0.08609566910716811,0.0423951001403379,0.026076739809183975,0.03232123236257221
E14001082,0.5892127833367368,0.024645190933224422,0.05362977333061058,0.24224014702879315,0.045767817030835205,0.020050541147641415,0.024453747192158464
E14001083,0.6260831590318799,0.03351184866803043,0.060197209644425036,0.18503918909600753,0.040970418553336246,0.02685774702921369,0.027340427977107132
E14001084,0.5795220762778921,0.033843510501209505,0.0713268374290688,0.1819908213324893,0.05180521330228562,0.04207266068320033,0.03943888047385436
E14001085,0.6346558722028086,0.042183057322075834,0.13839993054500466,0.07167972565276844,0.038829683328630654,0.03702819438716819,0.03722353656154364
E14001086,0.5426945155534869,0.046427740283919015,0.16146924210689628,0.061069738577301996,0.0920991389341401,0.0453611046466527,0.05087851989760298
E14001087,0.5233591928664568,0.019638317769318916,0.0519210252492657,0.31682098968691963,0.03379739999736575,0.03248027606917535,0.021982798361497833
E14001088,0.47283853138570864,0.021002763521515987,0.04278194499276221,0.35895512567443083,0.04061060665877089,0.038847216739044614,0.024963811027766812
E14001089,0.5888734317767028,0.03131979630645923,0.06623868900999323,0.20535269868416015,0.048536750347785027,0.03098796472375021,0.028690669151149286
E14001090,0.6400339682154556,0.0202353512070848,0.04745844959359456,0.20792187310445226,0.03633385903190586,0.02086618949411622,0.027150309353390755
E14001091,0.5175286073450974,0.030592824079513147,0.06317112714114523,0.2133273808125191,0.051516717967997366,0.08562231255433633,0.038241030099391435
E14001092,0.48108535662700325,0.04359538711970103,0.1562349542609533,0.16697617901277026,0.05980466331934796,0.049086365407983126,0.0432170942522411
E14001093,0.5076523093764473,0.05036630036630037,0.0853964043619216,0.16680350301039956,0.06757610205886068,0.07124963159445918,0.0509557492316113
E14001094,0.4637026434673704,0.04664087310462048,0.12042089725812945,0.1411414769423447,0.11184416513843538,0.054792682381357066,0.061457261707742544
E14001095,0.46567160883629016,0.05092679480244201,0.10636888530707322,0.156600170013579,0.10379660193638843,0.06431812410991268,0.05231781499431448
E14001096,0.4074127931842677,0.059851504627649564,0.23317023933758746,0.0692864352556755,0.10729988195644363,0.05195627256086086,0.07102287307751527
E14001097,0.5184885643264073,0.04392297720001427,0.07626161110384282,0.2020361802590421,0.06100215273730658,0.0607523876354381,0.03753612673794884
E14001098,0.45052358847025803,0.05939760336823923,0.13326136240958653,0.12487315124689626,0.1061319227032279,0.05488502644931448,0.0709273453524776
E14001099,0.4467338045024499,0.034807053988755166,0.22269514756023212,0.16367105471131482,0.050782396640097545,0.047316368234470614,0.03399417436267979
E14001100,0.4784283063565602,0.04930506120829492,0.1071407732433978,0.1531316007515375,0.09968374741804857,0.056120246000163375,0.05619026502199764
E14001101,0.50363536861856,0.025825450186328928,0.04785917181351471,0.2834154223021395,0.04699919214030698,0.0616058165897897,0.030659578349360228
E14001102,0.4881778614280673,0.03463121985648747,0.09998823667803788,0.16193389013057288,0.09811786848606047,0.07008587225032349,0.04706505117045053
E14001103,0.5105097214923805,0.04219414321884107,0.09396646443414704,0.16259016863325848,0.0708092485549133,0.07147804901351933,0.04845220465294033
E14001104,0.48310903942059497,0.027002982231912387,0.05266521314186903,0.3116933563892439,0.035686539859158456,0.06202541162318623,0.027817457334035036
E14001105,0.49663814863627226,0.04195054392744656,0.057441865659972745,0.21648759130609602,0.05586704492148234,0.0873076149842518,0.0443071905644783
E14001106,0.5443604850854712,0.027398346059341067,0.049195487331237284,0.262886734127718,0.03828370630663954,0.05104494174218605,0.0268302993474068
E14001107,0.5152102002766584,0.03464244902868828,0.04656281951043483,0.25666686714380227,0.04913694593131653,0.06490647741625068,0.03287424069284898
E14001108,0.5118606457339399,0.023932098080550315,0.05026073449461888,0.3057472539664928,0.03797847553533785,0.04011982691667591,0.030100965272384334
E14001109,0.5585077474909723,0.019963527010543353,0.042934264078936246,0.24624098742768807,0.04480622214707552,0.06143645608144829,0.026110795763336192
E14001110,0.5109472049689441,0.035858473824312335,0.07401286601597161,0.22213842058562555,0.06173469387755102,0.057309228039041704,0.03799911268855368
E14001111,0.5103144101998651,0.03981244580518772,0.09135773393424898,0.16324280346418593,0.08383201481592498,0.06693929110509243,0.04450130067549485
E14001112,0.5636787108145537,0.02402115069872844,0.05980108271433967,0.24208737252927107,0.0418481681984137,0.04252801208611356,0.02603550295857988
E14001113,0.5346073628558956,0.03560168792743852,0.061599650773633406,0.19487558810690206,0.05158364456516467,0.08238346995198137,0.03934859581898433
E14001114,0.5117438384924862,0.02867958092440712,0.04473104489652391,0.28019733371945105,0.04760624269565307,0.05472184012659144,0.032320119144887215
E14001115,0.5672925472243312,0.029858695282666093,0.08367233623043888,0.2061213158222756,0.03801742795952362,0.045224308490747774,0.029813368990016884
E14001116,0.5074808324205915,0.02769989047097481,0.1596933187294633,0.19789704271631983,0.037316538882803944,0.04231106243154436,0.0276013143483023
E14001117,0.6552977286678944,0.02687538367096378,0.05619398403928791,0.1717863720073665,0.03776550030693677,0.02483732351135666,0.027243707796193985
E14001118,0.48193031811296255,0.045194136607478445,0.10411280310709689,0.13787172974635245,0.11511520632353443,0.05939703185685486,0.05637877424572034
E14001119,0.5319023992713502,0.03757100740634213,0.07745499868171904,0.17782411735097434,0.0727091872198653,0.06108434601279931,0.041453944056949736
E14001120,0.4447387590225813,0.047325784164404125,0.1372315299207558,0.1221552656556961,0.12141580027812728,0.06202679734233936,0.06510606361609607
E14001121,0.5911407152860321,0.023478045967542632,0.04972167629717675,0.23493344944864838,0.044602403116283995,0.03098631329951867,0.025137396584797522
E14001122,0.5439382670137598,0.049730383042023055,0.11093343250278914,0.1183897359613239,0.07354964670881368,0.04547229453328375,0.05798624023800669
E14001123,0.5626108581564174,0.03905864282187723,0.12278969407720298,0.12616343920858705,0.07450582405324849,0.028983122131402344,0.04588841955126447
E14001124,0.5986427769369721,0.043187033149441,0.08955719377044379,0.13071327442269198,0.06644534492017772,0.03127471561782942,0.040179661182443975
E14001125,0.5866678315568757,0.02240333491425576,0.05043558573175907,0.24034597239210204,0.050497990564389306,0.023389331269813535,0.026259953570804524
E14001126,0.5605121293800539,0.02280078412153884,0.04437637833864249,0.26058564077432,0.04230580740014702,0.04290615045332027,0.026513109531977455
E14001127,0.47667195935217527,0.021784693553509052,0.04284534772943792,0.34520165131787867,0.038869482375357256,0.04703715465227056,0.02758971101937123
E14001128,0.5374417441217515,0.01874720240132705,0.0466047025988046,0.2967166065457226,0.03852128808025488,0.040324916401169066,0.021643539850970273
E14001129,0.5084674683934628,0.030835646006783842,0.12978106691335184,0.19578168362627196,0.04509404872032069,0.056823928461301264,0.033216157878507555
E14001130,0.5525986541777973,0.030421893844610512,0.20329354478747505,0.1251479389984107,0.027378577305875854,0.034930510939032225,0.026228879946798317
E14001131,0.5285135296221242,0.022612945523900346,0.30183573727500296,0.08428894981523423,0.02143282870425557,0.020264632256526402,0.021051376802956254
E14001132,0.6239350821588329,0.02940184773079776,0.07980983208577787,0.14432306066940903,0.042990086991705444,0.047058691303077306,0.032481399060399666
E14001133,0.5852726727926488,0.025981322413104274,0.0919646424290851,0.17734968038353977,0.04143777467039553,0.04744306831801838,0.03055083899320815
E14001134,0.5636665189880607,0.02173147485487737,0.11798384623249157,0.19097115723227573,0.039634665848754386,0.04098649308750525,0.025025843756034942
E14001135,0.6288183064179728,0.025207079435075382,0.06023478934509267,0.15633156546093796,0.04533698826053274,0.05321494547404803,0.030856325606340503
E14001136,0.5446433130776694,0.01731093295205025,0.04258795894398203,0.3038094265434305,0.036549558290353876,0.0341239850891079,0.020974825103406015
E14001137,0.6082422848380296,0.02810044086639831,0.06190019807041083,0.2072327646795732,0.04471279790428727,0.02356398952143633,0.026247524119864547
E14001138,0.5715465900543767,0.021294435333719684,0.05415469599635023,0.270810470894317,0.031688881764713135,0.02720065104006116,0.02330427491646219
E14001139,0.5933304211881553,0.028060051498988412,0.06144243148795291,0.20550165532462755,0.04971721537612654,0.031175280485561892,0.030772944638587457
E14001140,0.5412239936179104,0.022020741791290474,0.0837269377366375,0.2580567550113333,0.035481379240480684,0.037279507667371564,0.02221068493497613
E14001141,0.6022623674487788,0.025958447291396767,0.07033011851638597,0.2024494985845209,0.046950722134254594,0.027253970538841706,0.024794875485821218
E14001142,0.5112321307011573,0.0311984400779961,0.06801582997773188,0.2168199282343575,0.06702357189832817,0.06532750285562645,0.040382596254802644
E14001143,0.5777892630143614,0.02483010402691944,0.057225802194902024,0.21645516725681233,0.04863753326442191,0.03964239371879742,0.03541973652378544
E14001144,0.5403253929125431,0.026791404624764013,0.06638929305804403,0.23811642476641695,0.048941210423155086,0.04658433640769111,0.03285193780738568
E14001145,0.5754254677127338,0.02852142426071213,0.07425467712733856,0.19168376584188293,0.04788171394085697,0.04788171394085697,0.03435123717561859
E14001146,0.5786607956630327,0.019187292117940888,0.04667211154906904,0.2652249565001243,0.036539895600298286,0.03122521690754353,0.02248973166199117
E14001147,0.567229878856246,0.023321398793467066,0.05301878463877581,0.2559836186178822,0.034062484673108046,0.04123547010642994,0.02514836431409093
E14001148,0.529882577893266,0.021658127619934794,0.06214301473291987,0.2652293285612728,0.04394136248866227,0.052055499718088885,0.025090088985855415
E14001149,0.5180119798648282,0.019713345644409866,0.271121776544587,0.11130588025759522,0.03244312376381481,0.02395035574011755,0.0234535381846474
E14001150,0.5805669390625379,0.025994810737408763,0.04625475884478285,0.2288367807172822,0.043648003103857996,0.04791580785179078,0.026782899682339534
E14001151,0.4481918187207694,0.023088070614584018,0.20957117449443383,0.22408493072480953,0.03848011769097336,0.03335309487736864,0.02323079287706124
E14001152,0.5657395775854984,0.02141423154137854,0.054040409969827535,0.2502670908813412,0.03388238609014171,0.04748934571539265,0.027166958216419925
E14001153,0.6127140312397755,0.029567514511105994,0.0707439138179659,0.16861965755001637,0.051646207723907274,0.035893023763072116,0.03081565139415678
E14001154,0.5398515014127078,0.022051383139496682,0.044102766278993365,0.2904658650371246,0.045811157106248765,0.03327419672777449,0.02444313029765425
E14001155,0.5574986819602145,0.01689662710404156,0.04546915786901899,0.2908174418455129,0.036185014209111833,0.03228876001388764,0.020844316998212608
E14001156,0.5685176603851303,0.01798218515085985,0.05289105138502729,0.2731438574812069,0.03959427453403357,0.02715992173823499,0.020711049325507158
E14001157,0.5958893432302471,0.028983247994435985,0.057834590433249795,0.18957226625735973,0.05428513184559855,0.04290527981964913,0.030530140419459666
E14001158,0.5686720811132379,0.019360095183901506,0.05782163364543997,0.2707309502871036,0.03530598520511096,0.026899798251513115,0.02120945631369303
E14001159,0.6135348558799153,0.02435767566074224,0.06341513951560918,0.20367897596463763,0.04178561561838107,0.02601528685882678,0.027212450501887836
E14001160,0.610588535632229,0.03703630972252224,0.10758399937160026,0.11698053924552756,0.056585432908508926,0.0322447616990358,0.038980421420576165
E14001161,0.5844188647926966,0.022396228003704638,0.08182682014457715,0.2203538652136783,0.035651138454876774,0.030659497949217577,0.024693585441248993
E14001162,0.5811616161616162,0.02123737373737374,0.06025252525252525,0.24603535353535352,0.04887626262626263,0.019873737373737373,0.022563131313131313
E14001163,0.5232643971524729,0.024083874438564225,0.10161518347533435,0.2500218944313078,0.03413029063293673,0.04042337574597455,0.026460984123409526
E14001164,0.5538202478276518,0.018098616895470203,0.060375854799732634,0.2859015887706309,0.036904211013419716,0.025618283716386445,0.019281196976708315
E14001165,0.5413177824510702,0.02354565276290495,0.04642041569366138,0.25946664258344193,0.041724186868621706,0.06049620044123908,0.027029119199060755
E14001166,0.5197780501089324,0.020856027596223674,0.0681849128540305,0.2992352033405955,0.03679874727668846,0.030183369644153957,0.024963689179375453
E14001167,0.5874596733400029,0.036870089140185025,0.07547127392902508,0.18075336383359,0.05278717640314295,0.031204685199132203,0.03545373815492182
E14001168,0.6057288114576229,0.02117924235848472,0.05309690619381239,0.22993365986731973,0.036989273978547954,0.0294252588505177,0.023646847293694588
E14001169,0.584317508899165,0.0332235492420462,0.0783237410869734,0.18383845104627566,0.05556849307473081,0.028943078612062943,0.03578517803874602
E14001170,0.5905922495734828,0.020046307579819643,0.050304655130392395,0.24283451133317085,0.03302461613453571,0.04139653911771874,0.021801121130879845
E14001171,0.46550721573188136,0.016955648358619232,0.03993762224454195,0.39434106887984355,0.03410953110958397,0.030488449542739333,0.01866046413279061
E14001172,0.5653314280879547,0.03285608190048227,0.14634352702283474,0.11653333082643152,0.058182057476991345,0.03538491910541209,0.04536865557989339
E14001173,0.43087447878555585,0.020058770921170307,0.21047190959034578,0.22797542306932878,0.03300928023043776,0.045611345343043314,0.03199879206011824
E14001174,0.42346100821195226,0.02973086375352155,0.03893784091590242,0.36711622609842354,0.04999100881136486,0.05976143379488102,0.031001618413954324
E14001175,0.6957901604538267,0.04173347635213588,0.0783912596344174,0.0714025057778859,0.03633709679202928,0.033605732547467126,0.04273976844223773
E14001176,0.5847060369753789,0.02858582318408832,0.10427801629720494,0.1713177954963638,0.045386839568912644,0.03738061859283273,0.028344869885218612
E14001177,0.5776317518727823,0.020988303325009856,0.057997108687081085,0.25245104481535025,0.03248784334340912,0.03494545932448417,0.023498488631883297
E14001178,0.564412725293335,0.016652554332486594,0.04608685133663965,0.2922866013467199,0.031194978697095546,0.030738007876026506,0.018628281117696866
E14001179,0.6133556356150283,0.021658946646079945,0.05406158860868073,0.20494510207582775,0.040433607822954194,0.039329215989020415,0.026215903242408647
E14001180,0.53593989910068,0.04034876069313446,0.0926189953937267,0.16408203553410836,0.06542004825619653,0.05922351392849309,0.04236674709366089
E14001181,0.550228442542363,0.032456191082065815,0.09394482678850269,0.20128390492163553,0.04494823896824938,0.04484413856919785,0.03229425712798566
E14001182,0.45168734066244115,0.030129283850099255,0.2559477624724151,0.1556444542972017,0.043329739316196256,0.033152288918671086,0.030109130482975442
E14001183,0.5603747789331093,0.026201914031632946,0.04970712556599395,0.26349919098925084,0.03484390482521605,0.04352352402573783,0.021849561629059166
E14001184,0.6150968803770479,0.04407442635915741,0.061377165514219456,0.15745599504109267,0.05404567752140132,0.03388942919129199,0.034060425995789206
E14001185,0.5843206818841065,0.025637592877702658,0.05007028582903809,0.2327241894816699,0.0380993819309637,0.040776937322890866,0.028370930673628312
E14001186,0.5803777904979965,0.03923297080709788,0.08257584430452204,0.17409273039496279,0.051310818546078996,0.03709215798511734,0.03531768746422438
E14001187,0.6054345412832721,0.03019463699829785,0.06383057453684289,0.20132224880972938,0.04367614771690061,0.027555073143054495,0.027986777511902705
E14001188,0.5918098995022072,0.049956690982332005,0.09700176366843033,0.10422341191571961,0.062458908612754764,0.042181939617837054,0.052367385700719034
E14001189,0.5678310316815597,0.04123213383976991,0.09133422618394187,0.15429117175664697,0.06641491206885196,0.038487715985685116,0.04040880848354447
E14001190,0.5447448279335658,0.03179420023420678,0.05517710313912638,0.24319730032612666,0.04587179067454072,0.04972486999005251,0.029489907702381104
E14001191,0.6401490871970182,0.029223939415521212,0.059599268808014624,0.16412648671747027,0.04986586900268262,0.02864230942715381,0.02839303943213921
E14001192,0.5961491900616821,0.018908168559405084,0.04910359139908918,0.24290078976191848,0.035798697181068775,0.026944140197152244,0.030195422839684096
E14001193,0.5372409709887508,0.02748371817643576,0.11343990526939017,0.20408525754884546,0.043611604499703964,0.04716400236826525,0.026974541148608644
E14001194,0.520594766403971,0.03951321461226978,0.08785431270953978,0.16595550137153306,0.0774589628597553,0.06116384377585231,0.04745939826707885
E14001195,0.5496104445826003,0.016653659439939683,0.04568843503220942,0.3032844349792987,0.03301630973954682,0.026534742523049246,0.025211973703355865
E14001196,0.5086915594603075,0.03479133981801067,0.08899905867587073,0.16203326011923438,0.10052086601819893,0.05763413868842171,0.04732977721995607
E14001197,0.6486429401203928,0.019021133288743386,0.04661996456272515,0.2039520775395736,0.03742035413806456,0.023890825031388976,0.020452705319111485
E14001198,0.5451052089947669,0.032361892667119176,0.052549758052155636,0.2199316853145322,0.053754023340850866,0.052659236714764295,0.04363819491581091
E14001199,0.5348686847788137,0.023172513674627908,0.047625205281057244,0.26022525959163617,0.04529760904141828,0.04519416031965655,0.04361656731279014
E14001200,0.5358595972092904,0.030738619695674912,0.048480287744091424,0.23791181459893115,0.05503615933063786,0.05869673354335931,0.03327678787801487
E14001201,0.5896288804170232,0.021992271583806636,0.05140174797064239,0.25065484063383386,0.04005549936461008,0.02487097694442283,0.021395783085660935
E14001202,0.5213529009272586,0.028678951466389827,0.0493476157893495,0.2741547318500342,0.046233159521506265,0.05013802703914305,0.030094613406318572
E14001203,0.5724137118068653,0.01978027159562429,0.04578460958129008,0.26836571105243306,0.03704969822708412,0.03053093172387778,0.02607506601282535
E14001204,0.532788111504513,0.03711414750910088,0.06270882162269985,0.21382087468209246,0.06199820475739291,0.05496683787961901,0.036603002044581855
E14001205,0.6405971043204829,0.04424146788145452,0.09086720648705929,0.10126815558806251,0.0428708001704696,0.040567156958730234,0.039588108593741005
E14001206,0.6244511047605771,0.025440858716107895,0.05211310146139727,0.19930996027043982,0.042354963871657256,0.031632629353407216,0.02469738156641342
E14001207,0.5966551221290558,0.042799854174261756,0.11188479766678819,0.11732592052497266,0.05819358366751732,0.031234050309879694,0.04190667152752461
E14001208,0.5692420257469991,0.043188514702683464,0.09777729438984357,0.13779192786094246,0.07141727145088889,0.0354663924538749,0.045116573394767545
E14001209,0.5491594907709776,0.04664248465178903,0.0963093958180521,0.12690533846447555,0.0861107482692443,0.0404931523366458,0.05437938968881565
E14001210,0.602090376648731,0.026022570353792678,0.10536403028427217,0.17232512737488692,0.04734298366744441,0.022617970572829865,0.02423694109804295
E14001211,0.4912110654127263,0.029733057396589213,0.05547114452623582,0.24793702355067718,0.05552353757891704,0.08342283813166373,0.03670133340319073
E14001212,0.5954365054044741,0.019920623779686324,0.050879901992062375,0.25140056916067943,0.03976467885810543,0.022434629471293117,0.020163091333699163
E14001213,0.5052152225935761,0.047446913779698494,0.14033139129820169,0.08666457990448015,0.1210456698001757,0.04009612569039854,0.05920009693346931
E14001214,0.5702620660401119,0.018637574729251448,0.053447155980328474,0.27536155039170723,0.03862723524967192,0.023197550338684234,0.020466867270244833
E14001215,0.5959474067928703,0.023933428865927545,0.05485582120320789,0.22996958041079016,0.04400784372878799,0.027075948412399124,0.024209970586017045
E14001216,0.5044775071113349,0.034087583550867995,0.0543504980860852,0.2618375923302937,0.05560302948716448,0.05703114940241376,0.03261264003184005
E14001217,0.6177593810826126,0.018725207578781385,0.052874072979032696,0.2181486682928031,0.04099834922512134,0.02490945376598418,0.026584867075664622
E14001218,0.5682627040909924,0.024900629853849447,0.053078945759187916,0.2559530361401578,0.03705742065676023,0.03594447501987403,0.024802788479178134
E14001219,0.5041679968784364,0.02908729736440708,0.06267957858891135,0.28018398306788217,0.04299244439714803,0.050406157993685925,0.030482541709529045
E14001220,0.6126650050770793,0.020242381084253143,0.049148765016945574,0.2367237673247089,0.03510437683796864,0.02539858369268505,0.020717120966359404
E14001221,0.5210784711515053,0.042603262192647894,0.1009798750304309,0.15405136736184372,0.0778929643755579,0.046082528605047475,0.05731153128296681
E14001222,0.5660321275798343,0.02523940604039856,0.05420075214205405,0.23188461985810105,0.04108349810672146,0.056410654053425345,0.02514894221946523
E14001223,0.5788897754473954,0.037615410919867774,0.07623389946426536,0.17957369200957482,0.052570386412857634,0.04027128690299783,0.03484554884304115
E14001224,0.6182494911311428,0.017760977028205872,0.04761849374818261,0.2316952602500727,0.038232044198895025,0.02539110206455365,0.021052631578947368
E14001225,0.538991627753893,0.04014358299220373,0.09977783720404007,0.14700800197478042,0.07605990167239216,0.04634562771275173,0.0516734206899389
E14001226,0.59208342354044885,0.029960789973779798,0.06030646364051863,0.20790935989030815,0.04983041062278992,0.028313006663298935,0.03159654566885569
E14001227,0.5989203435480701,0.022957148967159485,0.06655954871747448,0.22106370435446024,0.04334809095007456,0.024240252459281693,0.022910911003479407
E14001228,0.5824360442917144,0.02492045309914726,0.046315387552500954,0.23391879852360953,0.03830978745068092,0.0481990581646939,0.02590047091765305
E14001229,0.5675284304828838,0.05067287085127334,0.10075685903500473,0.1173614194968432,0.062344332245670264,0.04499642808873786,0.056339659799586814
E14001230,0.6172965441743588,0.02491727415221556,0.05931381086258801,0.20364242529793744,0.05228522379518822,0.020078123056253578,0.022466598661458462
E14001231,0.47701495933109606,0.019179796371082417,0.24278482452647746,0.17277743018030828,0.026915420055741993,0.03688072350833286,0.024446846026960924
E14001232,0.5649319125179018,0.01797460980168459,0.046835934655436076,0.2821321940918028,0.03268441876835692,0.03343690074519989,0.022004029419617932
E14001233,0.5626375220639795,0.019682278695263195,0.042979423072273135,0.28805280847256814,0.0338153154242329,0.030901661145634356,0.021930991126048793
E14001234,0.5864688500369367,0.020352130017237135,0.06561191824673726,0.2374907658212263,0.04465648854961832,0.025129278502831816,0.02029056882541246
E14001235,0.577307576668671,0.021935758669071957,0.049396171577470435,0.2440619362597715,0.049571557426337946,0.03368661054319503,0.02404038885548206
E14001236,0.5691386413720417,0.048260994538660534,0.08927852831273354,0.1258311775414391,0.07978346268084699,0.03525917409217208,0.05244802146210597
E14001237,0.6164642219791606,0.01865177594841978,0.11196822290023603,0.17777905704910482,0.03117840078291405,0.024224281849058775,0.019734039491105866
E14001238,0.5851241320745292,0.037654228482941206,0.09034417303561616,0.15086667665717568,0.06174134572156451,0.031959638343573606,0.04230980568459963
E14001239,0.5043989416472244,0.029860667596418283,0.046909010335883634,0.2870716734225721,0.04776924781356308,0.051757621573713226,0.03223283761062524
E14001240,0.5370934166016134,0.020634920634920634,0.05550351288056206,0.28317720530835283,0.040033827738745774,0.03965651834504293,0.023900598490762426
E14001241,0.5897357385342474,0.01943686347600346,0.05190707581708048,0.24620914597616989,0.038993543233708315,0.031178859082739797,0.02253877388005059
E14001242,0.5058405653813761,0.019810318942473176,0.047908503912019236,0.3332723033920441,0.030099967043831704,0.03713061628034714,0.025937725047908505
E14001243,0.5223084506686215,0.022169417831593315,0.047473394170732326,0.29811168128618015,0.04273363836295154,0.04422508152379989,0.022978336156121236
E14001244,0.5309647817460318,0.03325892857142857,0.0748139880952381,0.2234623015873016,0.044196428571428574,0.05906498015873016,0.03423859126984127
E14001245,0.574246694125298,0.023448226027892188,0.052725389599441196,0.2492713828070429,0.034817062889900524,0.04089890888069947,0.024592335669725653
E14001246,0.5671970952334535,0.028913636806706305,0.07263134808460864,0.21317867238522273,0.0512598693829808,0.03797884784092017,0.02884053026610781
E14001247,0.5421149747907895,0.01827018036280472,0.05058734861479287,0.2956364675918707,0.03809969333125422,0.0321482405530433,0.023143094755444668
E14001248,0.5951512047292827,0.026143372388330453,0.06977612736624197,0.18902191774974925,0.04274708154598032,0.04554282177689566,0.031617474443519644
E14001249,0.5892895895832003,0.018944277781323803,0.059475330312121016,0.24542031020616584,0.04461607199846812,0.022569732558881724,0.019684687559839154
E14001250,0.5725263721677573,0.019386163053349788,0.046782944833849524,0.2746314882518688,0.03314859232005216,0.026232447663181425,0.027291991709941083
E14001251,0.51036122880133,0.04204523152584246,0.09965250920677433,0.15376178986619873,0.08376721580217268,0.060932106533057806,0.04947991826462405
E14001252,0.5503958778434083,0.0241548322231997,0.048284529345230615,0.2737715219303758,0.03981400025135101,0.03850697499057434,0.02507226341586025
E14001253,0.5625946584906357,0.02307512344082844,0.04848977380468644,0.26975976752490366,0.03971039119352813,0.033701500991220615,0.022668784554196988
E14001254,0.5754647807370263,0.03332702587634231,0.06031505747670183,0.20586356970528408,0.055276976205118504,0.0366975732059227,0.03305501679360424
E14001255,0.5196537961759792,0.0331933358084277,0.0573487098570633,0.22460321143493595,0.05928624466307778,0.068915908669018,0.03699879339149805
E14001256,0.4868890312753122,0.03579675278358741,0.050013902825295886,0.27667831280147975,0.05549040705054584,0.06093064303589347,0.03420095022788544
E14001257,0.6414526463710059,0.04319557033044244,0.10148179997273404,0.08912822341306878,0.05133341023731871,0.03687196535125895,0.03653638432417127
E14001258,0.5377928236098988,0.020724716317912666,0.1782419967444384,0.18122626153011395,0.0388190332397556,0.02099601311661044,0.02219915544127014
E14001259,0.6160421870663336,0.04617263391618096,0.10102692200943658,0.08499583680266444,0.05694143769081321,0.048126561199000835,0.04669442131557036
E14001260,0.6263552607918426,0.04924951607273189,0.10409460645871016,0.07223473910238103,0.04857254677963592,0.052507430795756246,0.04698589999894223
E14001261,0.5458660387231816,0.031776556776556775,0.059903192046049186,0.2368131868131868,0.05194924123495552,0.04466248037676609,0.02902930402930403
E14001262,0.5299427590827349,0.033075141926914985,0.06510419727547338,0.2146123015080102,0.06224802830310652,0.05660621304904853,0.0384113588547115
E14001263,0.6162080799566501,0.01806249623697995,0.05011740622554037,0.24185682461316155,0.03381299295562647,0.022987536877596484,0.01695466313444518
E14001264,0.6140950621086131,0.04185401909454881,0.10015398829688944,0.11618930294630941,0.051750333641309924,0.03619751565547685,0.03975977825685248
E14001265,0.6187217890849405,0.035966352072219945,0.09340377513336069,0.12090685268773081,0.055262617972917524,0.03740254411161264,0.03833606893721789
E14001266,0.5547769858535354,0.021117534645016287,0.07553995745243447,0.25466040071633755,0.03681446136464706,0.028401100948305908,0.02868955901972332
E14001267,0.6096679210104479,0.03149122906742761,0.056786530394151956,0.1844567478769,0.050965768920316956,0.035913643546571776,0.0307181591841839
E14001268,0.5965886341189974,0.019459199743747164,0.05969890291754531,0.2431866107893121,0.04568507594159571,0.01604249526199183,0.019339081226810453
E14001269,0.5776471286893521,0.018540293366589466,0.061048755864362494,0.25950472118296813,0.032472237068709546,0.028992220440643743,0.021794643387374548
E14001270,0.5691572274758392,0.033534240881222074,0.0920295126260002,0.17448820534136963,0.0632962693546711,0.02829678894315702,0.03919775537774083
E14001271,0.5842861877537493,0.03984381473195791,0.1016757809263402,0.13760460684398046,0.06797373436075897,0.029683486618609662,0.03893238876460353
E14001272,0.49334529484226874,0.03536232660275293,0.06329334261689251,0.2398104011568743,0.05761608912216807,0.07273311552675271,0.03783943013229072
E14001273,0.5213706570789155,0.021083269129642538,0.07812060510449916,0.2787296229714691,0.04353621699624561,0.034902349243619374,0.022257279475608713
E14001274,0.5253875857299292,0.03290876606535646,0.05190478934931704,0.24645265402570457,0.04936891245461357,0.06049219065183563,0.033485101723243614
E14001275,0.5326380101486509,0.026074619425591472,0.046729808147040405,0.2764165292636476,0.04628244948042486,0.04598847092807751,0.025870112606567224
E14001276,0.5610311775209869,0.04969109829436998,0.10068553601116562,0.11542250774819893,0.08509677551774389,0.03451283840643665,0.05356006650109809
E14001277,0.5548224135264704,0.023068199391721222,0.04803082633125419,0.2785581731017063,0.03381617609155111,0.039821640290736635,0.02188257126656013
E14001278,0.6139295241111341,0.028002777134922472,0.05501894054738791,0.18514232816477666,0.04615159746160124,0.03549373317579995,0.03626109940437764
E14001279,0.5809625792261164,0.041347109271746785,0.11233949777636289,0.11890911546513086,0.0662171157352473,0.03498007891258839,0.04524450361280738
E14001280,0.5901838451507325,0.01892147587511826,0.05208519778056202,0.25809915876141043,0.03981180802372855,0.017310593469533866,0.023587920938914316
E14001281,0.5684435074412745,0.022105512655780243,0.04822794126819775,0.25927820261723283,0.03723755941168399,0.039458090592682224,0.025249186013148538
E14001282,0.5043772503401852,0.0238310272991101,0.04970918680683501,0.31312693423888827,0.04037667232638512,0.043495538455980635,0.025083390532615633
E14001283,0.6312969295307929,0.02393626396869602,0.053395377257611544,0.20529723505011693,0.04112760132078354,0.02197388984853292,0.022972703023466233
E14001284,0.5922938329466904,0.02776763739563584,0.07257504209894135,0.20053227192972126,0.04790447367491374,0.028815694956370187,0.030111046997727247
E14001285,0.5285900228101602,0.017874402360916013,0.04875188473781203,0.31474154928669923,0.03344201451087027,0.03165070814593348,0.024949418147608798
E14001286,0.5400643869299602,0.03139496565185429,0.0655910162488276,0.21347816167710207,0.05469086668863596,0.05825242718446602,0.03652817561915384
E14001287,0.578112609040444,0.022085646312450437,0.048916204070843246,0.26083795929156756,0.029764736981231825,0.0373380914618028,0.022944752841660056
E14001288,0.5866504794839722,0.019154832855075663,0.04737203541559365,0.25971844112525444,0.032877149093763026,0.03211684202781252,0.022110219998528437
E14001289,0.6388074849349825,0.021465271170313986,0.05136695210910244,0.2073580716777672,0.035864256263875675,0.024192832223279417,0.02094513162067872
E14001290,0.4963363534651076,0.04326174231621438,0.216264835574666,0.09640655507535704,0.05212469561020556,0.05199306759098787,0.04361275036746155
E14001291,0.5004618226600985,0.01694632594417077,0.03998614532019704,0.3570017446633826,0.03550903119868637,0.028774117405582923,0.021320812807881773
E14001292,0.5733620460097484,0.02864321026246628,0.06160489967929793,0.22758269366584466,0.0498188091185903,0.03127134636981464,0.027716994894237783
E14001293,0.6441010604967902,0.03919227267890711,0.07698946596833879,0.12673941572183536,0.04552924346499888,0.031034605062483005,0.03641393660664673
E14001294,0.6139582247904135,0.02189409368635438,0.052467673944962816,0.23114905508454506,0.03872021976981007,0.022071709373371856,0.01973902335054232
E14001295,0.5162056101933046,0.031018361513492562,0.05281963083183954,0.2505329199166707,0.04974322949469503,0.0664090887069425,0.033271159343055086
E14001296,0.6181231304018823,0.031616160421864103,0.07048015417903213,0.16865105170436406,0.037693462761743735,0.04160705629189969,0.03182898423921397
E14001297,0.4815514446990443,0.0362152797183256,0.12073995417202257,0.19463477337506288,0.06419270105627899,0.05964343598055105,0.04302241099871458
E14001298,0.6025038594593376,0.019674791251140935,0.046268438073988935,0.2335620837699875,0.037805798767226714,0.026616183811680922,0.033568844866637366
E14001299,0.5302317523355145,0.02875914548822581,0.06574090115542999,0.22281008036035554,0.05489291949305009,0.06295560856644056,0.034609592600983514
E14001300,0.5635165674634752,0.03662560609436505,0.10563283148189409,0.14516556853508186,0.0765296919926579,0.03188295084402287,0.04064678358850304
E14001301,0.5320202554299195,0.04336817701130725,0.12329171072968356,0.11145570649963393,0.10348368990482389,0.03548767591312129,0.050892784511510615
E14001302,0.5839055980528511,0.03144558414464534,0.06564021210013908,0.18896688108484005,0.05111265646731571,0.046049200278164115,0.032879867872044506
E14001303,0.4531025495372072,0.02843586059411234,0.0409830587763558,0.352524476225482,0.04004744879206068,0.05505062318307882,0.029855982891703145
E14001304,0.49729630187668455,0.02432491252741366,0.0447156513150185,0.31177071300621095,0.04004486632179867,0.04719334371285554,0.03465421124001808
E14001305,0.6242570176580329,0.04616252331988373,0.09829059829059829,0.09057876697470606,0.04594559416894442,0.05255108681504621,0.04221441277278841
E14001306,0.5938420564141883,0.04375327872160123,0.12967596142205723,0.09157217222872362,0.04740527016665994,0.05202574553085025,0.04172551551591946
E14001307,0.5195880056916831,0.03455478244977351,0.05567667062647677,0.23512133989530437,0.051042387373862644,0.06891375011422529,0.035103063848674336
E14001308,0.532082316882467,0.025845999874898357,0.06370175767811347,0.253130668668293,0.05330581097141428,0.04073309564020767,0.031200350284606243
E14001309,0.5650624799743672,0.016007689842999037,0.0824863825696892,0.2694008330663249,0.03132329381608459,0.018596603652675424,0.01712271707785966
E14001310,0.562910036292574,0.04136132049134562,0.12678845616973758,0.1182823841429369,0.06399183417085427,0.038011236739251816,0.04865473199329983
E14001311,0.603714716947129,0.021783694893108965,0.05132797188619315,0.21815232817462998,0.0413146809037868,0.038273523912504784,0.025433083282647383
E14001312,0.6061488395992122,0.03045516827952385,0.10978847306671234,0.15254346150552367,0.04658730838400274,0.026076903314207416,0.028399845850817847
E14001313,0.5307005746423769,0.03929575742755838,0.05825895586257489,0.2021763051717814,0.061804621591881645,0.06851693361046583,0.03924685169336105
E14001314,0.5220509755368655,0.03760192972719122,0.11484438372539811,0.18411390513597745,0.051914784613414165,0.05547965674764121,0.03399436451351236
E14001315,0.5563966603874508,0.03415195702225633,0.05717574827321566,0.22529593711481663,0.04634991511430498,0.049652317495755716,0.03097746459219982
E14001316,0.5364978648782512,0.021418149204181895,0.04835147182844062,0.310857663012195,0.03323829029623978,0.029423182469244875,0.02021337831144666
E14001317,0.5404908220803285,0.03227268485809883,0.05836010504285695,0.18687764106802457,0.05334790780756362,0.08857992188437287,0.04007091725875468
E14001318,0.47828260048030624,0.016822908412673258,0.18411332301203204,0.22764564615815971,0.029232850995355414,0.037254208774731505,0.02664846216674184
E14001319,0.37140628129843023,0.02480680632136042,0.43789864316363214,0.08260149916186099,0.028328044447724375,0.02824370341475757,0.0267150221922343
E14001320,0.5378371599899678,0.037096149023005544,0.07391869399667116,0.20090517339656627,0.05851706605257758,0.05337558995873139,0.03835016758248022
E14001321,0.5820360215193492,0.029563115627517737,0.07560360734984536,0.19826129895781897,0.045338773812927204,0.037528913376822515,0.031668269355719
E14001322,0.581930124862333,0.01881559916669984,0.05983042076350464,0.26518318007510316,0.028754163183525073,0.02628610856786487,0.01920040338096944
E14001323,0.5573358792885162,0.04607625412507005,0.09723750025943836,0.12880596085593907,0.06636433448869887,0.059214213071542725,0.04496585791079471
E14001324,0.6101738471224639,0.026134888920297583,0.05215413673917792,0.21134053734565125,0.033278939185629665,0.04205481388207177,0.02486283680470788
E14001325,0.5901065317182416,0.03315969859318742,0.061840363271921904,0.18474158943838853,0.04290963982133356,0.04842800757228938,0.03881416958463765
E14001326,0.5294837263811502,0.034942533462179,0.09132964615416247,0.15402882579106442,0.09287168205275818,0.04815264099348233,0.04919094516520345
E14001327,0.4423529166926807,0.03384945162431583,0.24050488023142078,0.11543984516451271,0.07753220536513288,0.04487939897192566,0.04544130195001145
E14001328,0.5379163423327461,0.03826457454217706,0.128036789708714,0.13241017657421442,0.06405424228768078,0.057212503584743335,0.04210537096972428
E14001329,0.5666196766785657,0.02942179577544849,0.05272731406743821,0.22070894249789683,0.042177303835747255,0.05751347172642732,0.03083149541847616
E14001330,0.510590271246379,0.021293405063767354,0.05174121866496119,0.31765797624869896,0.03716940671908506,0.03577743500996953,0.025770287047138934
E14001331,0.5953755977504075,0.04969829121644232,0.08623797752566413,0.12354407970725073,0.053551959757769406,0.0471291788555576,0.04446291518690832
E14001332,0.6297105857365268,0.0513460289311159,0.11431193228098031,0.07850374784769407,0.04492262009093815,0.03771561723494417,0.04348946787780057
E14001333,0.66492047938494,0.04100399487450064,0.07284992839375895,0.11379111077611115,0.03903168262103967,0.03300168337478958,0.035401120574859925
E14001334,0.6135080070516948,0.042964667630820554,0.08718555035944642,0.12283461242069482,0.05875708600323027,0.03373834834105712,0.04101172819305598
E14001335,0.5606140284977337,0.020133723987679365,0.04874414644529587,0.285039941902687,0.03462048931961035,0.031064533092930658,0.019783136754063055
E14001336,0.5124296602322103,0.02529687706694616,0.16971090737028482,0.1771290181433354,0.040845400059019266,0.04469182786726771,0.029896309260936373
E14001337,0.5316927665920954,0.02789225113492157,0.0641443280086869,0.23393121132435862,0.04526603608200217,0.06657770451482921,0.030495702343106088
E14001338,0.4039445282237795,0.03881447312654622,0.2788669091339188,0.10455661018953842,0.04863143992036035,0.08125609864277478,0.0439299407630819
E14001339,0.5217076700434153,0.0358605803429076,0.06897397532438863,0.17913120262944884,0.0561333366037921,0.08902597561872992,0.04916725943731757
E14001340,0.46629796059453854,0.031547413296462726,0.2062219149671621,0.1573453162806775,0.04177900679801821,0.05966125129623229,0.03714713676690863
E14001341,0.5296624099127576,0.0345429257807561,0.07242382096345935,0.1932734859021368,0.05181438867113415,0.07853078771020357,0.03975218105955241
E14001342,0.48283717926134695,0.020398097586753566,0.20510833186542188,0.2017145205801186,0.0336680171452058,0.033257001937643124,0.02301685162351007
E14001343,0.46216741586684484,0.02282833191592759,0.039108249301421455,0.35299477584740613,0.045486575142753005,0.0516097679504313,0.02580488397521565
E14001344,0.48674894817790093,0.02830704307704041,0.04556836525872917,0.3052889809718709,0.04964854524423881,0.05700812222744779,0.02742999504277198
E14001345,0.5448960462568747,0.0350653310596393,0.09298806310630273,0.17044800054207276,0.08029452619453636,0.03774181526612384,0.03856621757445031
E14001346,0.5406616773332777,0.0461548083137026,0.11338572828284935,0.13218953907732078,0.08147970564322791,0.038274719089411914,0.04785382226020972
E14001347,0.5712473307373446,0.021014947870870493,0.046715236779299084,0.27809320437131013,0.02988318050496169,0.031729682200728554,0.021316417535485493
E14001348,0.6177838740458015,0.02702767175572519,0.055641698473282444,0.20943463740458015,0.047375954198473284,0.019358301526717556,0.023377862595419848
E14001349,0.612242092359862,0.025845180950635246,0.05433674346137543,0.20058655729817043,0.044828099760565475,0.031195225056994583,0.03096610111239675
E14001350,0.5563639374903881,0.023009310193893365,0.05380274692124783,0.24767245152665887,0.037867764488767434,0.049484804391288405,0.03179898498775597
E14001351,0.5565905075538141,0.021321346586060597,0.043808516519837026,0.2793408891506316,0.04475800151436847,0.027282670096030193,0.026898068579257958
E14001352,0.5449051202274331,0.038230236279957454,0.16299042753054144,0.09827934115963062,0.05563562986451427,0.053568055983538934,0.04639118895438415
E14001353,0.3923414457115835,0.04092113800574062,0.3474172724373426,0.060969306397158286,0.0632897471709318,0.048201383466584556,0.04685970681065863
E14001354,0.5700686986221316,0.028531355921197876,0.17512304715400698,0.12341077620352454,0.03707647753983611,0.03571289430281937,0.030076750256483514
E14001355,0.5541421252570313,0.02448913207634847,0.04569058655421183,0.23873418603840657,0.04576028996619384,0.06198956772267336,0.029194112385134585
E14001356,0.5636808007138147,0.019604039777062238,0.04496256352562362,0.2808576120831232,0.035548486376744126,0.03059575073385835,0.02475074678977383
E14001357,0.5860786534204973,0.01896844597724816,0.050149276779739536,0.25881505121737786,0.035466103876048795,0.028259638647243526,0.022262830081844855
E14001358,0.5344574871904088,0.030091577615474235,0.05918093782493768,0.26129060546459043,0.04788093657216592,0.04105333049371735,0.026045124838705636
E14001359,0.6243276115005079,0.019234386167291513,0.06407282484671423,0.2162928040324502,0.03628703622434266,0.02060110591451105,0.019184231314182537
E14001360,0.6092351325002215,0.01948569909218673,0.05129081677871893,0.2413112014281916,0.039515832921841965,0.016535622491485293,0.02262569478735392
E14001361,0.5953171139624219,0.02319230668722398,0.04805707267358298,0.21974547260041288,0.04156322680116027,0.046031828991036666,0.026092978284161288
E14001362,0.5563701775664001,0.017375069840967008,0.0516618743271419,0.2954579523309849,0.03180659843828784,0.029176489827066953,0.018151837669151415
E14001363,0.5427198425911912,0.017658039453105293,0.05082992785429595,0.30839765904848393,0.034080016144493214,0.027218606528429442,0.019095908380001008
E14001364,0.5936111647672397,0.019304133668147577,0.05420610392118988,0.2528249951709484,0.034406992466679547,0.024555727255167085,0.021090882750627777
E14001365,0.5389156072524823,0.019349066099988814,0.04322161329207521,0.29434937677863526,0.03938162522213523,0.03587717009034535,0.02890554126433782
E14001366,0.6086940029586921,0.02033152524371278,0.052889782397046364,0.23608845730759018,0.0383618455158113,0.024301736018915398,0.019332650558231867
E14001367,0.4576409197775102,0.04320201846436149,0.11967429325075979,0.17840472504157348,0.0748322724926888,0.07547451115316245,0.050771259819943806
E14001368,0.49643862407992284,0.02880816143142204,0.05625520330897414,0.28157995586272516,0.04758632537364714,0.059043516181464986,0.03028821376184372
E14001369,0.633221520987755,0.03327861665358224,0.08217697617275517,0.13184000978782842,0.04896972910145696,0.03561342155973124,0.03489972573689094
E14001370,0.6033164393776621,0.028361623336408792,0.05892240997965142,0.20888259754047597,0.04455201526775445,0.031243285600535887,0.024721628897511408
E14001371,0.6114740875176446,0.03978624722726356,0.0842609397055858,0.13109497882637627,0.06073805202661827,0.032597297842306916,0.04004839685420448
E14001372,0.5212734813369114,0.018541107587216395,0.05081727250548914,0.31267382288363016,0.03369114418150768,0.04092461575994145,0.02207855574530373
E14001373,0.5487564622972062,0.018867924528301886,0.04313046237653872,0.29870026840845687,0.03821184434953921,0.029379487247292776,0.022953550792664385
E14001374,0.4851804740607006,0.017001080519196313,0.0406630831726232,0.37134298961880924,0.03463132411472652,0.029898923584041143,0.021282124929903026
E14001375,0.5490842868432808,0.0191274668132724,0.05571017879027362,0.2745421434216404,0.03806022288652945,0.033833854470902196,0.029641846774101182
E14001376,0.6240887440144538,0.021756434067391882,0.048819315468293975,0.2160734816611707,0.040543784507700666,0.02553411919291463,0.02318412108807439
E14001377,0.44035247127415905,0.03497264656331043,0.19162549453877753,0.16248319987884982,0.06340507694928729,0.060792776421148276,0.0463683343744676
E14001378,0.4968801347781776,0.03580565319578194,0.14314981592795192,0.17857068574637575,0.047785935647580026,0.061991721957611434,0.03581605274652135
E14001379,0.508757614709663,0.021695635164589503,0.17752193595260715,0.2009948024367071,0.033946235958195944,0.034303917733191754,0.022779858045045547
E14001380,0.5228600539097463,0.02102222164901918,0.10869649328707585,0.2424519906625224,0.03575067387182893,0.04689374105265873,0.022324825567148588
E14001381,0.5297510162601626,0.019372459349593495,0.042848069105691056,0.3070248983739837,0.034972052845528456,0.03857977642276423,0.02745172764227642
E14001382,0.5271772619903461,0.02459689842867413,0.05395655746123036,0.258408647427339,0.043712128992502826,0.0630841121495327,0.029064393550374858
E14001383,0.5545549963025691,0.02383053839364519,0.045645380596836906,0.2386870542210348,0.04513251115192863,0.06279668901028124,0.02935283032370411
E14001384,0.6208039735256723,0.020010218995448983,0.05026319854557553,0.22330881566595767,0.03956890098268712,0.024394880996233232,0.021650011288425204
E14001385,0.523619516573078,0.021600184347446424,0.04366123731095291,0.29645980134137023,0.04288503753653597,0.04486192133700411,0.02691230155361236
E14001386,0.5796141588742147,0.01737727707904366,0.04613831001062309,0.27373473750475413,0.038007055830240395,0.024065889388713294,0.021062571312410655
E14001387,0.5388546191188817,0.020695696609117787,0.04454258982126997,0.29269628061466585,0.038325364090958866,0.04025988246888346,0.02462556727622246
E14001388,0.5409850776883237,0.01646069432336803,0.04812573714168504,0.3053433157273986,0.03734423875698682,0.028062663453156247,0.023678272909081585
E14001389,0.5190096922119329,0.027031490161706237,0.05375811389301729,0.2693367884862111,0.042528867040128045,0.05840732695654383,0.029927721250460476
E14001390,0.5459367706344155,0.023893721856802698,0.0413159817997501,0.2631609967701629,0.04844755640427187,0.046349341066081996,0.030895631468514984
E14001391,0.5354720107710631,0.019470767956087206,0.044469473357153955,0.2935114701465486,0.03762104500025892,0.046657345554347265,0.022797887214540936
E14001392,0.6158441398807695,0.020097105279331326,0.051232253702907016,0.23733021940876406,0.04125130600454797,0.016630815561428307,0.017614160162251858
E14001393,0.5997360527894421,0.021799640071985604,0.04883023395320936,0.23833233353329333,0.04176364727054589,0.027978404319136174,0.021559688062387523
E14001394,0.5843948033475992,0.016712596675260025,0.06292622836315609,0.25843567047229593,0.031164674955234117,0.02706272303569841,0.01930330315075626
E14001395,0.5353375253338877,0.01856519253754612,0.04340539416930832,0.3098659252715273,0.037039442914306504,0.0318427480122642,0.0239437717611599
E14001396,0.45022235163322566,0.01989253004394092,0.03521891047699719,0.3831198051776166,0.04134681560696702,0.04132034517444015,0.02887924188681243
E14001397,0.49112976146508575,0.02390443320895047,0.036907324155321504,0.3370690643267406,0.0352899224411304,0.03988741865233504,0.03581207575043619
E14001398,0.550345122037999,0.021051258331554353,0.0508906757750421,0.2828933323845442,0.03700277520814061,0.03509333712848976,0.022723499134229937
E14001399,0.564802517053294,0.015202898737604931,0.04884527601191474,0.3024203427421955,0.02915500767237044,0.023236321904295237,0.01633763587832523
E14001400,0.5698438089292913,0.02588011912657849,0.049692429740028354,0.24760381309091856,0.0394054075143381,0.04208445502191357,0.02548996657693158
E14001401,0.6218009268005379,0.02582595263760321,0.053918899396579505,0.1930167690888684,0.044617555869181105,0.035382888639470145,0.025437007567759788
E14001402,0.6082202561228627,0.0207712302959483,0.053919347530584506,0.22925857916199652,0.0451195955452746,0.020890468127727567,0.021820523215605847
E14001403,0.6396193194241458,0.020472513435446562,0.04424778761061947,0.20480568949445896,0.03886210110820857,0.028597074697630526,0.023395514229490086
E14001404,0.5899740729869876,0.020166813423344095,0.05623226690147735,0.24223412581939144,0.037117209666373156,0.0333626846688191,0.02091282653360728
E14001405,0.5236968199273723,0.022368405787012866,0.039295534440151755,0.30253036789530474,0.042149594514635756,0.04326337405589781,0.026695903379624797
E14001406,0.5914587984082306,0.03214597689993206,0.09243909540910414,0.1623216538872173,0.0454333689216733,0.04115306221488887,0.035048044258953706
E14001407,0.6196260827828949,0.023118414737275158,0.07692043974127488,0.18754142573080704,0.03786026101067355,0.029106575549105205,0.025826800447969284
E14001408,0.5695518528457466,0.025115269205435338,0.0532677904905955,0.23494181649630408,0.04153350735527311,0.04459515503403186,0.0309946085726135
E14001409,0.48726604278074864,0.027673796791443852,0.19135472370766488,0.1803698752228164,0.039338235294117646,0.046479500891265596,0.02751782531194296
E14001410,0.455538160084286,0.03576246319873177,0.25657007256865466,0.10316170895735484,0.05259012002875176,0.049882334406601087,0.04649514075561988
E14001411,0.5343512354599512,0.03918409893155812,0.07693492217668381,0.18563881452701902,0.06185591433512592,0.06508966856980408,0.036945345999857854
E14001412,0.38823849417908823,0.02522032423022522,0.3282015014688282,0.13963660102273964,0.044456533565444455,0.047035143074747036,0.02721140245892721
E14001413,0.5788844770285914,0.02767024732695204,0.05297551624989109,0.2210632445014252,0.04523332379043802,0.044262437919316895,0.029910753183385406
E14001414,0.5879469891856963,0.027066239133880347,0.06688530985967009,0.22384511283695638,0.04333036661342827,0.025152095195132954,0.02577388717523561
E14001415,0.5145545707292731,0.03333887793170639,0.07758477294869662,0.20739966257158474,0.06993322719387876,0.05458261055533113,0.04260627806952926
E14001416,0.49524915540540543,0.03785426051051051,0.09452421171171171,0.18144707207207209,0.08552693318318318,0.059262387387387386,0.04613597972972973
E14001417,0.5693226633993185,0.027797985986139296,0.05936108026700361,0.23538946535462216,0.05179257444065807,0.030695204911232787,0.02564102564102564
E14001418,0.5548470050392228,0.01961140838485116,0.05696399812977297,0.27632604291132007,0.03439139695568601,0.03289781287339602,0.02496233570575095
E14001419,0.5528010830991404,0.025631295000923097,0.18927567744979384,0.12279226240538267,0.04351884141213153,0.031498082011938704,0.034482758620689655
E14001420,0.49516120051227797,0.016359485494738014,0.23950108580655938,0.18060025613898323,0.03063644969096275,0.01770699927612896,0.020034523080349684
E14001421,0.6032928263426107,0.05265162121296971,0.12350338802710421,0.08146945175561404,0.045886767094136756,0.043288346306770455,0.049907599260794085
E14001422,0.5381510401692791,0.02460986464574445,0.06151316167761077,0.23809469047920237,0.057304184826983455,0.04571224858263279,0.0346148096185471
E14001423,0.5494852565653308,0.01962207348869715,0.048396634679998926,0.29451925919952693,0.03081740719834422,0.0378598500120958,0.019299518856006236
E14001424,0.554143767326492,0.01681581635134478,0.04112154078109041,0.2939545741938622,0.03264675842614659,0.0380818053596615,0.023235737561402656
E14001425,0.560980695900858,0.034467349857006675,0.06670042897998094,0.1722374483635208,0.06840840482999683,0.04975969176993963,0.04744598029869717
E14001426,0.5383752050418718,0.022656355989689323,0.06129672796339463,0.2392052392052392,0.051750718417385086,0.060088060088060086,0.02662769329435996
E14001427,0.5091675471033633,0.030474115161119916,0.16577522451135762,0.16054763162528615,0.039531607677407994,0.06105828490931502,0.03344558901215003
E14001428,0.5677989910464534,0.025651361354391878,0.04358288443450963,0.2267702493068025,0.04690534647660229,0.058692757765644275,0.03059840961559603
E14001429,0.5574719052398122,0.02372721753459961,0.049350134433582375,0.2675290240245821,0.039995539530907336,0.03730686788338351,0.02461931135313286
E14001430,0.6191513670058719,0.04762157805705378,0.12245928208943327,0.0521915490961908,0.08043503290202017,0.03405336946798806,0.04408782138144202
E14001431,0.5989477490057226,0.026942113727885898,0.06026755102295254,0.19935418718597664,0.045356506127741274,0.03969629343340523,0.029435599496315874
E14001432,0.491617830458343,0.0315531569711618,0.20770563630544428,0.14667417143992317,0.04613228266507742,0.043207628381286625,0.0331092937787637
E14001433,0.5136373460125351,0.029122541603630862,0.1432137454073914,0.15586773287227146,0.0594553706505295,0.05825588934514805,0.040447374108493625
E14001434,0.6601349145903601,0.03412033511043412,0.08723751496028724,0.10926993798280928,0.050462408878250466,0.027331084756827332,0.03144380372103144
E14001435,0.5590762043453189,0.052093005072470853,0.10838863531964385,0.1032868438284938,0.0657661972106297,0.059540447823919776,0.05184866639952305
E14001436,0.5390493357890199,0.026555377039330173,0.049662343090768966,0.23965150149561765,0.05078568909440025,0.06405684653264887,0.03023890695821414
E14001437,0.5725453722789201,0.020976823689105625,0.04587501885274747,0.275237544618169,0.04295912724347695,0.02144185812679101,0.020964255190789805
E14001438,0.6140235156160023,0.03278156442713405,0.11817486991027211,0.12916836804137743,0.04650773209368554,0.02671943545769597,0.03262451445383254
E14001439,0.610095952181208,0.023214660234899327,0.05698143875838926,0.22019190436241612,0.041657927852348994,0.024643456375838927,0.023214660234899327
E14001440,0.4841204520216866,0.032947939120778626,0.05847540662355477,0.27591612776797964,0.050284146580442876,0.06718923509046966,0.031066692795087857
E14001441,0.5910632778789315,0.02525378494999127,0.050769461003167635,0.22659815927967475,0.041865163494874416,0.03778714488813509,0.02666300850522535
E14001442,0.6025704570341767,0.02256930436286093,0.05616967321768198,0.21418938389718173,0.045449829980980926,0.025508616218085412,0.03354273528903233
E14001443,0.582730737284409,0.014865393071774076,0.05622465432159086,0.2701299653100112,0.02804514584453022,0.027813064933795865,0.020191039233888698
E14001444,0.5555033164756411,0.017039823121299143,0.042224707108185724,0.3004904826043864,0.033304531246029126,0.025172177183664133,0.02626496226079443
E14001445,0.6140116120838247,0.02922298829719677,0.07741767214007077,0.17144833529892045,0.05896761317245759,0.021545858659167198,0.027385920348362514
E14001446,0.5047149592798972,0.03460578401956582,0.08456670280628326,0.1814376843750788,0.08234789843927284,0.06264340283906104,0.04968356824084113
E14001447,0.5942236341149938,0.029342580692096904,0.06189829522031186,0.18912627009724275,0.052125518345175446,0.03877585663360574,0.034507844896573464
E14001448,0.5900091204008359,0.03313360809983953,0.06609404403190985,0.19581154250222238,0.05214791212089726,0.030385943037901614,0.03241782980639352
E14001449,0.5281035961489677,0.018602853242815555,0.11611079569476825,0.2559825084860418,0.03677083459164321,0.024872256381141055,0.019557155454622326
E14001450,0.5737137863653465,0.024310317624070005,0.056752394014054595,0.22802908014030318,0.03682351656087289,0.05209180391538116,0.0282791013799716
E14001451,0.543634599279514,0.022651441636646417,0.04842676166801813,0.2727345235088466,0.04235181517274383,0.04474457309210789,0.025456285642123173
E14001452,0.5209380041484213,0.033556118921410465,0.060451716985480526,0.20645309979257895,0.06646692786356304,0.0690942613505416,0.04303987093800415
E14001453,0.6114808275612296,0.021288876816515007,0.05758522341436914,0.2203359138032505,0.036002082484494546,0.03098827470686767,0.022318801213273575
E14001454,0.5793801939058172,0.027886327661258408,0.06527008310249308,0.22659032449544914,0.050281954887218046,0.022568757419865453,0.028022358527898694
E14001455,0.5439419010847583,0.02538544375279069,0.05460562603419746,0.24606676647492973,0.041735613164184594,0.059018201875344733,0.02924644761379455
E14001456,0.5910363165628717,0.025937069950784875,0.07489562195321064,0.2097823805192079,0.0508828400158608,0.021995195111142212,0.02547057588692184
E14001457,0.5693708367773618,0.017588855934263625,0.08153838673603345,0.2605508824816454,0.02968347352555064,0.02338697914134293,0.017880585403802208
E14001458,0.5570615135727297,0.01780823662789957,0.05322089601671274,0.28032049730583547,0.03492860145472147,0.02342585633670051,0.03323439868540056
E14001459,0.5568804576934658,0.041764528756398675,0.14162400883268092,0.1158887885175148,0.043651510589179966,0.05403994780688547,0.046150757803874336
E14001460,0.5764115269265876,0.01957230408136654,0.04604250880166906,0.26925283609336287,0.036758377884991526,0.029612726561481287,0.02234971965054114
E14001461,0.5024989638442597,0.023941292634761198,0.04771192432406075,0.30370334251651754,0.039325157861374554,0.052258819513860105,0.03056049930516615
E14001462,0.5330532703191552,0.029651671626115875,0.05537079176147967,0.25399381527510356,0.04810082268510415,0.05048135830561876,0.029348270027422838
E14001463,0.5151949915221077,0.018455719316551454,0.05331942089474371,0.3236467979653059,0.029659580018260075,0.038346158862658145,0.021377331420373027
E14001464,0.5983073626094221,0.02019541607642294,0.046614119840664464,0.2508081798699648,0.03300521835990944,0.03095904011235819,0.020110663131258096
E14001465,0.5751529695568595,0.022163309921976102,0.0539005666469827,0.2462338706637685,0.053988516289530226,0.02496513424884723,0.023595632672035783
E14001466,0.5016655876640574,0.036878347360367256,0.08405626508151375,0.17299746924842563,0.08039550350185393,0.07288564534165146,0.05112118180213054
E14001467,0.40502433348763306,0.024571192653663785,0.3856826512867348,0.0929801954185485,0.03204013461610639,0.030814077141534574,0.02888741539577886
E14001468,0.5252543651929532,0.01595149496474017,0.1326342085404252,0.2627312706549741,0.027114939238595853,0.019815764136459444,0.016497957271851986
E14001469,0.5299479625518319,0.03425309229305423,0.07970069657351611,0.20114881770447898,0.056148758971467504,0.062903055291257,0.035897616614394286
E14001470,0.5333096043186807,0.029483300705938187,0.06336833362994601,0.2281663403927152,0.05764964109865338,0.053058076763362404,0.03496470309070416
E14001471,0.56000993659506,0.022913315037380526,0.046299801268098795,0.25401012586353744,0.03968723384120375,0.046879435979937545,0.030200151414781867
E14001472,0.5640312292442071,0.02283293858165094,0.05224507186986979,0.2664761833151622,0.033873453889243954,0.03571562840708297,0.024825494692782935
E14001473,0.5623557137360523,0.024143901500577145,0.054732589457483646,0.26159099653712964,0.03407560600230858,0.040003366679492114,0.02309782608695652
E14001474,0.5544009305932532,0.02991192599567939,0.049376834875090016,0.21478978563119702,0.05736442696504736,0.04842408463967208,0.04573201130006093
E14001475,0.55884708737864075,0.014902912621359224,0.04404126213592233,0.3063470873786408,0.030970873786407768,0.024550970873786406,0.020339805825242717
E14001476,0.5681014816114718,0.01762390634009376,0.04908621424452857,0.27658000952643585,0.03533555616836722,0.03331745594023415,0.01995537616886861
E14001477,0.598463687150838,0.04284993792675357,0.08767846058348852,0.1144669459962756,0.08146143699565488,0.029610878336436997,0.04546865301055245
E14001478,0.5041299901693804,0.04746946293178454,0.09963954394964915,0.16183233708855468,0.0822608165064012,0.05435089662030079,0.0503169527339292
E14001479,0.5730596945489347,0.02263634309412093,0.058365344994882565,0.2592213523320883,0.039596985365464625,0.02536121117062991,0.021759068493879017
E14001480,0.5819376957797894,0.028858249266211184,0.05568162198159978,0.21277409170510322,0.05257381052216165,0.03808302296327356,0.030091507781861235
E14001481,0.5884287723294709,0.01785195430085657,0.07833474738787323,0.23422554363617346,0.038748968515010286,0.024058297788263735,0.0183517160423519
E14001482,0.5787586453308833,0.018247709465839777,0.05240793201133145,0.27048720108210195,0.037669397442768544,0.021935533266978027,0.02049358140009698
E14001483,0.5996099590456998,0.019632061366443476,0.049743223038419035,0.23542872001560164,0.03909510498602353,0.03446661899499447,0.022024312552818046
E14001484,0.49237359641721296,0.020133705458557798,0.045407931459726096,0.3360810021418836,0.03992990199260077,0.04209774777698449,0.023976114753034336
E14001485,0.5081402442671388,0.02282378554254339,0.04195126619376294,0.3111116427623001,0.03740564852805723,0.04418818857136022,0.03437922413483738
E14001486,0.5092999442651424,0.019183160296042823,0.044134230275693125,0.32413060102915064,0.03872924524633511,0.04260476208992754,0.02191805679770839
E14001487,0.5630226212481295,0.021752046474782148,0.039752222515623624,0.2758670011442655,0.042216794296276734,0.035274183610597656,0.022115130710324796
E14001488,0.6088602254234223,0.017262371165089507,0.050605750105478874,0.25065396901934783,0.03070339340606353,0.024000964378277378,0.017913326502320536
E14001489,0.5857681182496086,0.01647957965130165,0.04886818989995489,0.2678528779555768,0.03510866969190351,0.027956903643552796,0.017965660908101797
E14001490,0.6266087166485573,0.01756609923940601,0.049136786188579015,0.23454062537727877,0.032608958106966075,0.020451527224435592,0.019087287214777253
E14001491,0.5649936800173639,0.017083104579753074,0.04962782324476846,0.27140175938102473,0.027603641331409676,0.03494503530252927,0.0343449561431508
E14001492,0.4887700972303664,0.04031037351188447,0.0603019186974131,0.2584036764806153,0.05520175641952244,0.06270199506347929,0.03431018259671899
E14001493,0.5222730289844384,0.018253558522014896,0.041804951200924353,0.32534356024288913,0.038227991248125474,0.032094303906384444,0.022002605895223345
E14001494,0.5431447808837023,0.020690368187751197,0.047415965572054436,0.29988756639398284,0.04042440455420721,0.027630235593636518,0.020806678814665476
E14001495,0.5553424418677062,0.014895816467599108,0.050615884719333426,0.29840206249766477,0.0315228356851951,0.03179683899814425,0.017424119764357152
E14001496,0.6120241996470884,0.024754222334257624,0.06283085455003781,0.20874716410385682,0.04513486261658684,0.022939248802621628,0.023569447945550794
E14001497,0.5464478962589794,0.021317287060360107,0.039287713406101314,0.2808214385670305,0.046716111577572536,0.04047719003638399,0.024932363093572163
E14001498,0.5833614600912557,0.021188824301518847,0.04479029939371211,0.25162822676417274,0.03791486967935496,0.03676479779986249,0.024351521970123132
E14001499,0.5703108503095167,0.029340179375187545,0.11442669956323143,0.1664610631369542,0.04672201291412441,0.04341012903010703,0.02932906567087876
E14001500,0.5582137514543742,0.031037730622195135,0.14108260845476203,0.1443625685633553,0.049044268380519694,0.042728128982215084,0.03353094354257854
E14001501,0.5451768225990974,0.036370265139610024,0.059527551135863624,0.21556893755578743,0.055844008900846086,0.049306664319927584,0.03820575034886791
E14001502,0.5714833774921773,0.027957943196940453,0.05046097037560993,0.23607198091378834,0.04866264641354258,0.03637409933941566,0.028988982268525733
E14001503,0.575797038079124,0.04546491511568221,0.08551168228740899,0.1452729035569666,0.05861105302180567,0.040968802874470064,0.048373605064542496
E14001504,0.5209942731814304,0.023845497745826734,0.05306445717070793,0.2881077129279883,0.03438528085780431,0.05241866699159254,0.02718411112464969
E14001505,0.6062834384971569,0.03145318010604352,0.05258990907127948,0.21075550010796287,0.04192557760130515,0.027974376814375854,0.029018017801876156
E14001506,0.5647775651290864,0.02369513989246052,0.05331406475803617,0.24958012732882864,0.041219127966774724,0.04025569920191644,0.027158275722897057
E14001507,0.6250382146132681,0.024036991745643534,0.06481198410272088,0.19102211352287782,0.045921226943849994,0.025603790889636196,0.023565678182003464
E14001508,0.5391337983053102,0.024719264103276965,0.04785504478477922,0.2687812012716218,0.04270570174908436,0.047879220104195624,0.02892576968173192
E14001509,0.5370234961489714,0.02582382762991128,0.04947840499171298,0.24952471482889735,0.04487179487179487,0.06446816808033538,0.02880959344837672
E14001510,0.5375812177211621,0.028680908869551845,0.05545232023170278,0.23572682651766605,0.044072227704373905,0.0670374594712358,0.031449039484307516
E14001511,0.5061106733093804,0.021878213947027474,0.046254123869692396,0.3119582203582257,0.04147243852595867,0.04561300404706888,0.026713325942646488
E14001512,0.6311672897750875,0.020236187763337486,0.057741380333511366,0.20860483057385318,0.038347872529820186,0.024497062488873064,0.01940537653551718
E14001513,0.5663832987089127,0.020991320528670296,0.051465059073934824,0.26019296210856346,0.03603063942595684,0.035520832005709845,0.029415888148252
E14001514,0.5439421338155516,0.01667825845041035,0.04697454444289887,0.3014049241897343,0.030532758380859646,0.03887884267631103,0.021588538044234246
E14001515,0.5675166098042737,0.02793525382859195,0.05723007464792346,0.2157350640022574,0.046212451581458584,0.05444681014801324,0.030923735987481722
E14001516,0.6176654572751157,0.026948580007506568,0.055648692606030274,0.19050419116727135,0.04540222694858001,0.03606906042787439,0.02776179156762167
E14001517,0.595152496369134,0.031130211185447964,0.0571295921525678,0.1798171472107807,0.045022737553867764,0.05654627270779267,0.035201542820409035
E14001518,0.5100005038037181,0.039939039750113356,0.0625472315985692,0.21567837170638318,0.05590961761297798,0.0688321829815104,0.0470930525467278
E14001519,0.5679884584788383,0.020871816306443566,0.059743551714374316,0.2675583480523683,0.035595345638896006,0.025995388784769508,0.022247091024310002
E14001520,0.5262093878768462,0.03184896322400327,0.10252869499895052,0.17703074424719126,0.05927906231703141,0.06418400150241381,0.038919145833563484
E14001521,0.5364821292965005,0.027736626539021748,0.059656155464538695,0.22732082612322133,0.055211821678887545,0.061573319058349,0.03201912183948112
E14001522,0.5311144216193613,0.020673252835711673,0.05740682661648633,0.2667006429355496,0.045332183367309604,0.0510950812816894,0.02767759134389211
E14001523,0.542974148963399,0.019106731507550552,0.046224724852828254,0.27611978500127976,0.03361914512413616,0.031865881750703866,0.05008958280010238
E14001524,0.5406507272679449,0.034259186196375496,0.05793156053552171,0.24532470606801862,0.050895604829164366,0.04322838580709645,0.027709829295878376
E14001525,0.6020080667567231,0.050067542321731384,0.1228599622529436,0.06822253518428037,0.07403788118299658,0.03601299111890323,0.04679102118242175
E14001526,0.5642232851669129,0.018118754852119907,0.04437654954797025,0.2909393704139641,0.03566151611529889,0.02565675790739025,0.02102376599634369
E14001527,0.6331664503368564,0.04582071409440221,0.08086614335455426,0.11721985289572903,0.048097327811772464,0.03378865607680739,0.04104085542987824
E14001528,0.5733285759984251,0.029798961588621768,0.07425133492457983,0.19595708555820762,0.046027215236595385,0.04912768522847511,0.031509141465095106
E14001529,0.5857542284689745,0.018430984114247026,0.04795817295033665,0.26422759130859985,0.031595972767280614,0.030266935817545797,0.021766114573015534
E14001530,0.502138956692418,0.0208988650947432,0.04061501295956114,0.33803064999119253,0.038312488990664084,0.033858426231158305,0.026145600040262715
E14001531,0.48322304782324743,0.03373874040392838,0.08957155003511885,0.23925178366788658,0.05036166253866154,0.06604808201791677,0.03780513351324042
E14001532,0.6041033055790995,0.023981652290970733,0.05546691928005185,0.22559455551677718,0.041145236077180035,0.02082813980156554,0.028880191454355088
E14001533,0.5552138293077392,0.019593286846779967,0.04634514940212636,0.2838772967097065,0.042739348304478085,0.027626799586393403,0.024604289842776468
E14001534,0.6186896327748175,0.029192778185404812,0.06381033715433561,0.18494773686806115,0.050338597736266644,0.025524134861734247,0.02749678241938006
E14001535,0.5612490499113251,0.022181403597669114,0.05862680516848239,0.27356219913858626,0.034228527995946285,0.02854066379528756,0.02161135039270332
E14001536,0.6242994205376651,0.025790823596466228,0.05218723282986606,0.19365678730882493,0.043590291631043984,0.03614515056521326,0.02433029353092049
E14001537,0.6177408222959871,0.029776185624609722,0.054578718462768815,0.17694810530121274,0.05018569034081572,0.037488633998312905,0.03328184397629298
E14001538,0.5746147755648944,0.025616663621414217,0.0519641878311712,0.23951519580973263,0.04169559656495524,0.037602777270235706,0.028990803337596686
E14001539,0.5638442283024272,0.018742916920931045,0.05048756491525213,0.27704646499869234,0.039067462047149955,0.02743564516731634,0.023375717648230942
E14001540,0.5737769654300929,0.019879953064355988,0.04981270872822457,0.2596579113638415,0.033847820200379096,0.038936275837169416,0.024088365375936456
E14001541,0.5743361867515832,0.03164993764453754,0.05685849547771549,0.19170369652867747,0.05435216912254362,0.05943746897361698,0.03166204550132581
E14001542,0.5861681156490093,0.01834816012939749,0.05111453699959563,0.26314193287505055,0.03533158107561666,0.02528558431055398,0.020610088960776384
E14001543,0.5543921599302708,0.02219267172501648,0.0737409067036172,0.23615192928739845,0.04159170400831387,0.04083183408016628,0.031098794265216955
E14001544,0.5456405758970986,0.016114887086165316,0.04012278009208507,0.3105800384905844,0.035238373651002464,0.029818022363516772,0.02248532241954737
E14001545,0.5861387117504573,0.015645854960699986,0.047975678481388104,0.2663502891887884,0.030785011616985516,0.025829255029907558,0.027275198971773197
E14001546,0.6263750555441155,0.034995502281372944,0.07556167293457174,0.13804202928394152,0.056996390987222145,0.03371663288861915,0.03431271608015693
E14001547,0.5105433398325238,0.04627573848459917,0.07565733863787488,0.17937765555793483,0.07632228470962144,0.06775687768373362,0.044066765093712316
E14001548,0.52649763599522,0.017314386657660934,0.04230529433158414,0.3177248402348418,0.03710967943056061,0.03729152595209643,0.021756637398036058
E14001549,0.5754813079352145,0.02094580829173882,0.05501935418152185,0.25059845166547823,0.04858918203117042,0.026459203422634206,0.02290669247224203
E14001550,0.6797507996478206,0.032899796048012304,0.07961928962296745,0.09973586545855763,0.044858292375762034,0.02731619245043298,0.035819764396447
E14001551,0.5020362532939392,0.026385735960119096,0.04806014076955545,0.289296266298582,0.04245901826353795,0.06130434286626892,0.030458242547997397
E14001552,0.5081177255541552,0.020053376825561568,0.040823386957273826,0.32333753428719697,0.03782094051943559,0.04247905700941508,0.02736797884696172
E14001553,0.5758448014328271,0.05374929181058903,0.11193047864466253,0.08950600361861945,0.061178427179852696,0.0512089478589835,0.056582049454465703
E14001554,0.5098485696865629,0.019746911045578408,0.11060509910784277,0.2670747943807782,0.035499645376833776,0.034354896910423434,0.02287008349198054
E14001555,0.6019175296732397,0.023301177471981842,0.05297441717501301,0.2201967182106209,0.04864756230198137,0.028751123090745734,0.02421147207641746
E14001556,0.6116001769952724,0.02997275204359673,0.08091711497706049,0.18284077412142807,0.04617014834998486,0.022997740981392206,0.025501292531265284
E14001557,0.5380335841321977,0.025945588104240667,0.05345707774764796,0.27520401278183043,0.03613031356223504,0.04443086481050045,0.026798558861347695
E14001558,0.5780481354139116,0.034435334567574714,0.11848717270563343,0.15523935466807723,0.05343559904787094,0.027241470510446973,0.03311293308648506
E14001559,0.619258189694071,0.05104458081400596,0.1209389946755708,0.08493141413229853,0.038117047197906324,0.04077926179947658,0.04493051168667088
E14001560,0.5673888494359524,0.028836862754228903,0.054134603071120065,0.21604945457932176,0.04572918728244293,0.04992025332665867,0.03794078955027533
E14001561,0.5233579518730853,0.026669378519582544,0.05799127969796738,0.24449896398744073,0.043639645594722054,0.07208867759034919,0.03175410273685281
E14001562,0.48506345517919386,0.0478595048708553,0.09379747966753062,0.16725131825900438,0.09327241040307445,0.06792385378496738,0.04483197783537403
E14001563,0.6287250843853546,0.04708031834181488,0.09337613675072515,0.08967040680450468,0.06409158004479908,0.03372317474736006,0.04333329892544154
E14001564,0.566334239951647,0.025888989624257078,0.053137906719049055,0.2300543970988214,0.03851868641079883,0.049914374937040394,0.03615140525838622
E14001565,0.5992904816306897,0.021838734892670315,0.056545006313510913,0.22670915759725813,0.0345138596596717,0.03504299200288618,0.02605976790331309
E14001566,0.5896219915487783,0.024492467389307368,0.10593882050339887,0.19092182619878742,0.03489573764468124,0.03174949476391696,0.022379661951129892
E14001567,0.5187773377850248,0.030928902347490746,0.05327794601030101,0.2522064342469653,0.049783885912467324,0.06479540336982685,0.030230090327924012
E14001568,0.634396042325134,0.03269433374559113,0.07247721130502496,0.14715313086894782,0.05264303055288352,0.027151756676286016,0.033484494526132565
E14001569,0.5257605789312653,0.01826453646921102,0.03946895826959147,0.3239061897223737,0.04022720923735916,0.031128197624146967,0.021244329746052438
E14001570,0.5497832105730555,0.018583816538682546,0.048895157498824636,0.28016768531578123,0.048777621062529385,0.02954082432220655,0.024251684688920232
E14001571,0.5987232303597265,0.025988226328403707,0.05443942523276748,0.21001535216089948,0.04238963563468484,0.04042367546194542,0.028020454821572546
E14001572,0.5470469527781515,0.01668236243777748,0.053235571101843134,0.3002018027714247,0.03394322615363918,0.029853356652764697,0.0190367281043993
E14001573,0.5597246723449388,0.024047879306053097,0.14517473132826114,0.17433089102695917,0.04239223368218271,0.029632355328520873,0.024697236983084233
E14001574,0.5253320216428923,0.041855889451949804,0.08408927121106395,0.18358709205092713,0.06860064745650259,0.050847069858955145,0.04568800832770908
E14001575,0.49256865710821385,0.018137726721584018,0.04531306641333017,0.35592944911811397,0.03573794672433406,0.031462893286166076,0.020850260628257854
E14001576,0.5876706328929119,0.051956347178626176,0.12229907292503102,0.07349989050295642,0.07259653989342288,0.04178224687933426,0.05019526972771735
E14001577,0.5134069024692535,0.021391457717608923,0.12072170845647821,0.24289732100295547,0.0353465535322719,0.04213938411669368,0.0240966727047383
E14001578,0.6036508841985169,0.021957164341648083,0.04705699320645128,0.21608670849971479,0.04326090338640253,0.02901000881605559,0.03897733755121091
E14001579,0.5235693478103859,0.020259046151623855,0.05017213568625563,0.31747598526614823,0.035654958230011795,0.03175482100296122,0.021113705852613334
E14001580,0.556286745482139,0.01460254301054699,0.0437183558429302,0.3094846386348854,0.026195304230273813,0.025481118720587673,0.024231294078636927
E14001581,0.5628659186359932,0.022942393280260764,0.05392089262207735,0.24979627656240205,0.03549175703629411,0.050799222716730395,0.024183539146242085
E14001582,0.5538062238149193,0.014545071276119207,0.05006455692867118,0.30238992384917396,0.03163289504887882,0.023095570604200154,0.024465758478037468
E14001583,0.5413545527591301,0.022848034006376194,0.03973458438091289,0.2709235115730541,0.03951426868147534,0.05673777247868122,0.02888727612037013
E14001584,0.5569687687287741,0.02617034028101485,0.0584137976959446,0.22253446094426316,0.04123326896184325,0.06308849970033961,0.03159086368782047
E14001585,0.5544273328503657,0.027657685027225352,0.055841181556869436,0.23044565446005,0.04340866069967984,0.05753546306466313,0.0306840223411465
E14001586,0.6433434445567914,0.0280642624424222,0.06756544208515897,0.16136389169756207,0.055016290304460175,0.017593528816986854,0.02705314009661836
E14001587,0.5436261049899783,0.01817802648500226,0.11213838008179533,0.24368287511730563,0.03742194107492498,0.02157264838436852,0.02338002386662496
E14001588,0.5670953109812641,0.02892511200241322,0.11930910431586357,0.18522573653457272,0.04962740344330611,0.020579396024891908,0.029237936697688448
E14001589,0.5066438179172277,0.01793898839881948,0.0535857576128497,0.33351013913256355,0.03155303493954602,0.036802807132073935,0.019965454866919634
E14001590,0.5799450877402411,0.020484660379610838,0.0481556643189686,0.25586725558075685,0.043118061358481556,0.029748119851975646,0.02268115076996538
E14001591,0.6318927727737844,0.017395368814664157,0.04619815813741962,0.22280473477431498,0.03806263343397466,0.022511653760153613,0.02113467830568855
E14001592,0.6209659926249066,0.026041792195897907,0.05790412378588128,0.19388542093466052,0.050938757802897014,0.0242341712660577,0.02602974138969897
E14001593,0.6203760710071315,0.02080447385973013,0.05480734698065774,0.228118105792417,0.04022369298650659,0.017469601354471294,0.018200708019085732
E14001594,0.5221187285683018,0.04411585884870741,0.07743378973224058,0.20141540407111067,0.06414309686519613,0.05373428342128943,0.037038838493154015
E14001595,0.5143587790412971,0.050416235921432066,0.07925349583764078,0.16905163501822731,0.07987376897546113,0.06312639425431199,0.04391969095162958
E14001596,0.5156962999615152,0.04469734454890318,0.0888449062620265,0.20527791522348673,0.05883775908516136,0.04512617516081148,0.04151959975809555
E14001597,0.5792633779947901,0.02720571915848003,0.08789000899459157,0.2062097725653276,0.03773055941687012,0.036352167462941114,0.025348394406999427
E14001598,0.5846831354140039,0.02846784876019614,0.057993074760056704,0.20525899932606725,0.04134228811786851,0.05083544421463596,0.03141920940717157
E14001599,0.5288809523809523,0.023047619047619046,0.04625,0.30552380952380953,0.03373809523809524,0.03815476190476191,0.024404761904761905
E14001600,0.6097526165556613,0.031279733587059946,0.07774738344433872,0.16165556612749762,0.059705042816365364,0.02584443387250238,0.03401522359657469
E14001601,0.5311062496304618,0.025116774079110744,0.04691066043871578,0.2874120499024419,0.040063856205285873,0.043138414237568735,0.026251995506415184
E14001602,0.5654539783033146,0.03605716464295204,0.06478967616714996,0.1754681885924882,0.055397021615813856,0.06649953210023453,0.036334438578046836
E14001603,0.5571180335792126,0.019701032232822012,0.0429003786004442,0.28381224179794934,0.036456115720549145,0.03782552158252684,0.022186676486495818
E14001604,0.5036435007393381,0.021052519600438285,0.2343542227375722,0.15793112985755775,0.02749912236843505,0.03123304575385892,0.024286458942799696
E14001605,0.5502689549180327,0.014203381147540984,0.06389600409836066,0.3046875,0.02613985655737705,0.022745901639344264,0.018058401639344263
W07000081,0.4922762501327105,0.02643592738082599,0.05690625331776197,0.24409438369253636,0.05490232508758892,0.09143751990657183,0.03394734048200446
W07000082,0.5830538922155689,0.02392814371257485,0.0538562874251497,0.23861077844311376,0.03562874251497006,0.042479041916167665,0.02244311377245509
W07000083,0.49388231971138413,0.024881562223163733,0.11533079125422074,0.2626558307334797,0.033753161550411484,0.043523475715441205,0.025972858811898984
W07000084,0.502644888269598,0.029842080817464003,0.05257521804200857,0.22849254270526914,0.05563296691954379,0.09725447695721733,0.03355782628889921
W07000085,0.523141528513094,0.019025904599966507,0.04715899576200229,0.29627339593719004,0.03608094704435084,0.051448519277092916,0.02687070886630341
W07000086,0.5339310695663233,0.023006486074017552,0.05401246343634745,0.2542032303192166,0.03896731527406842,0.05683581330281063,0.03904362202721608
W07000087,0.5161306769658267,0.02015219303277121,0.05766509884899239,0.28870788879966347,0.03829044141078098,0.053496998202745595,0.025556702739219662
W07000088,0.537751152780084,0.024665023183333547,0.05920371955191662,0.23362158157595575,0.04692868729962064,0.07034193820332359,0.027487897405765817
W07000089,0.49765107592180946,0.03142974998281275,0.16177784907303436,0.1647684304603891,0.05136695923184453,0.056889795357151045,0.036116139972958726
W07000090,0.552039016291377,0.019910241776486457,0.11109525786032998,0.2274047940230362,0.03198609525786033,0.036811248313790595,0.020753346477119437
W07000091,0.47327651262928927,0.026634705020641896,0.24358547520752874,0.14695698495139167,0.040262795756203666,0.040806587650375106,0.028476938784569628
W07000092,0.552572844108702,0.029309329932306484,0.08080300206023741,0.1949499656627097,0.052781320514078287,0.057576277837731775,0.03200725988423428
W07000093,0.47840233366992035,0.0187366767642769,0.1141029956243689,0.28419163020307414,0.03668798384382363,0.04405549945772093,0.023822880436815137
W07000094,0.5226715152118956,0.021482210239230876,0.0537989265121608,0.29722661552447727,0.03620219429880821,0.04614005155730457,0.022478486656122742
W07000095,0.4819063142401868,0.029047207794577368,0.05591709138679739,0.2891705489533031,0.04534672975635864,0.0705136782182433,0.028098429650533385
W07000096,0.5299946574401506,0.0235581448596942,0.053158470501437405,0.2871625919047498,0.03583331213269901,0.04254967308621874,0.027743150075050245
W07000097,0.5148581635584646,0.019473625042157463,0.07219855852704948,0.2931411369399303,0.03340120164382877,0.04495546922817493,0.021971845060394467
W07000098,0.511949734522465,0.022770053614778466,0.058521893783022416,0.2663602965040049,0.042736041334008386,0.07156858926925523,0.02609339097246563
W07000099,0.5128619944427293,0.027008335906143873,0.05927755480086446,0.23121951219512196,0.049669651126891014,0.08658227848101266,0.033380673047236804
W07000100,0.5020961481039116,0.025189608838459242,0.04793072558972828,0.29268438339802927,0.046951328754852195,0.05766497461928934,0.027482830695730067
W07000101,0.5371362108411406,0.019350963074681427,0.049157070003450966,0.29239893147918555,0.03536599394164036,0.039085366633009114,0.027505464026891958
W07000102,0.5507040689135988,0.022263634007577533,0.052154167026620096,0.2638561502671883,0.039874612792950674,0.04671167113008923,0.024435695861975342
W07000103,0.5072025739147391,0.02272893460404124,0.08741804177736613,0.23755088112706266,0.04282545640675653,0.07272040363662953,0.029553708533404832
W07000104,0.5447502246897007,0.0320140160866449,0.06826016223165224,0.19566775503703113,0.05581405931808098,0.06510881807529095,0.03838496456159911
W07000105,0.5572056537789003,0.02485671264814455,0.05698707985234117,0.23893773071692248,0.04114047017680202,0.054922770545949094,0.025949582280940353
W07000106,0.53185461413662,0.02503813836356152,0.08550257887982178,0.22212267234908104,0.041480010654526965,0.06541637407075575,0.028585611545632855
W07000107,0.5070427715052774,0.030083483505571697,0.058855258480134356,0.23147364936927659,0.0513405170828583,0.08809287386757873,0.03311144618930283
W07000108,0.43816834182385606,0.0292005140208362,0.1704529808619028,0.19916012666942035,0.04908440038551563,0.07842259855890588,0.03551103767956308
W07000109,0.5293757405509033,0.026666489156337785,0.053080026094018344,0.24859877784138565,0.0459973639716161,0.06801752026946067,0.02826408211627814
W07000110,0.5437282661075006,0.025696461364139566,0.060027871478621014,0.25158567874864873,0.040882509995962546,0.052278558497544966,0.025800653807582605
W07000111,0.5456889108178118,0.02325151103984211,0.06532626125570494,0.2381028740594548,0.03917602072283212,0.04889601578882447,0.03955840631552979
W07000112,0.49941379250004375,0.025950618580152938,0.054596041786970445,0.3054753530369048,0.041017026265595745,0.0474915568621275,0.026055610968204804
